time,v_c(0),v_c(10),v_c(20),v_c(50),v_c(100),v_c(200),G_i(0),G_i(10),G_i(20),G_i(50),G_i(100),G_i(200),J_w(0),J_w(10),J_w(20),J_w(50),J_w(100),J_w(200),v_c(0)-A,v_c(10)-A,v_c(20)-A,v_c(50)-A,v_c(100)-A,v_c(200)-A,G_i(0)-A,G_i(10)-A,G_i(20)-A,G_i(50)-A,G_i(100)-A,G_i(200)-A,J_w(0)-A,J_w(10)-A,J_w(20)-A,J_w(50)-A,J_w(100)-A,J_w(200)-A,OS_C(0),OS_C(10),OS_C(20),OS_C(50),OS_C(100),OS_C(200),OS_C-A(0),OS_C-A(10),OS_C-A(20),OS_C-A(50),OS_C-A(100),OS_C-A(200),v_c(5),G_i(5),J_w(5),OS_C(5),v_c(5)-A,G_i(5)-A,J_w(5)-A,OS_C-A(5),v_c(80),G_i(80),J_w(80),v_c(80)-A,G_i(80)-A,J_w(80)-A,Na_i(20),Cl_i(20),Na_i(50),Cl_i(50),Na_i(80),Cl_i(80),Na_i(100),Cl_i(100),Na_i(20)-A,Cl_i(20)-A,Na_i(50)-A,Cl_i(50)-A,Na_i(80)-A,Cl_i(80)-A,Na_i(100)-A,Cl_i(100)-A
0,2.00E-15,2.00E-15,2.00E-15,2.00E-15,2.00E-15,2.00E-15,9,9,9,9,9,9,-8.09E-06,7.43E-07,4.12E-07,7.48E-07,1.31E-06,3.47E-06,2.00E-15,2.00E-15,2.00E-15,2.00E-15,2.00E-15,2.00E-15,9,9,9,9,9,9,-8.09E-06,7.43E-07,4.12E-07,7.48E-07,1.31E-06,3.47E-06,299,299,299,299,299,299,299,299,299,299,299,299,2.00E-15,9,6.85E-07,299,2.00E-15,9,6.85E-07,299,2.00E-15,9,1.08E-06,2.00E-15,9,1.08E-06,40,65,40,65,40,65,40,65,40,65,40,65,40,65,40,65
100,2.42E-15,1.90E-15,1.89E-15,1.78E-15,1.59E-15,1.52E-15,5.09171,9.69375,15.3355,21.7074,26.212,15.063,-3.92E-06,4.75E-07,4.62E-08,1.32E-07,2.60E-07,2.06E-06,2.43E-15,1.90E-15,1.86E-15,1.73E-15,1.54E-15,1.51E-15,7.24707,9.59532,10.796,11.9073,13.2468,12.1071,-3.99E-06,4.76E-07,4.62E-08,1.32E-07,2.60E-07,2.09E-06,311.396,317.77,322.143,333.631,353.184,397.824,313.642,317.695,321.338,332.093,351.305,395.751,1.90E-15,8.64279,4.53E-07,315.286,1.90E-15,9.47729,4.43E-07,315.953,1.66E-15,24.7313,2.12E-07,1.61E-15,12.7361,2.12E-07,48.0496,73.1211,47.8052,75.3199,47.5061,77.9548,47.2735,79.7966,48.4557,73.9194,48.6773,77.0509,48.5555,80.1023,48.3945,82.1395
200,2.44E-15,1.83E-15,1.92E-15,1.81E-15,1.60E-15,1.28E-15,2.99357,10.1035,16.8099,25.9518,32.4128,20.1457,-3.58E-06,3.02E-07,5.31E-08,1.37E-07,2.56E-07,1.04E-06,2.48E-15,1.83E-15,1.89E-15,1.73E-15,1.52E-15,1.27E-15,7.00064,9.99475,11.3983,12.8224,14.2989,14.493,-3.66E-06,3.03E-07,5.31E-08,1.37E-07,2.56E-07,1.07E-06,319.608,329.851,337.031,356.371,390.232,469.196,323.101,329.8,335.965,354.351,387.889,467.031,1.84E-15,8.16253,3.01E-07,325.899,1.84E-15,9.77551,2.87E-07,326.912,1.68E-15,30.3213,2.12E-07,1.60E-15,13.7567,2.12E-07,49.9598,73.7026,47.7098,74.6895,45.1416,76.2775,43.3613,77.4731,50.1416,74.5892,48.1584,76.8643,45.6238,79.0566,43.8288,80.541
300,2.43E-15,1.80E-15,1.95E-15,1.83E-15,1.61E-15,1.19E-15,1.48025,10.3212,17.4345,28.3865,36.1951,23.5321,-3.55E-06,1.98E-07,5.84E-08,1.41E-07,2.57E-07,5.84E-07,2.48E-15,1.80E-15,1.90E-15,1.74E-15,1.51E-15,1.18E-15,6.87416,10.2503,11.8422,13.4574,14.9389,15.7011,-3.62E-06,1.98E-07,5.84E-08,1.41E-07,2.57E-07,6.08E-07,325.271,337.114,345.844,369.486,410.495,501.114,328.906,337.115,344.784,367.495,408.34,499.451,1.80E-15,7.65956,2.08E-07,332.455,1.81E-15,9.94565,1.92E-07,333.579,1.70E-15,33.6966,2.14E-07,1.59E-15,14.4157,2.14E-07,51.4893,74.1446,48.1601,74.539,44.2895,75.6276,41.6764,76.5562,51.3466,74.9476,47.8722,76.7652,43.8336,78.5836,41.1215,79.8791
400,2.42E-15,1.78E-15,1.96E-15,1.85E-15,1.63E-15,1.16E-15,0.839518,10.423,17.7411,29.9588,38.7426,25.8338,-3.57E-06,1.39E-07,6.17E-08,1.45E-07,2.59E-07,4.33E-07,2.48E-15,1.78E-15,1.91E-15,1.74E-15,1.51E-15,1.14E-15,6.76653,10.4121,12.1815,13.9163,15.335,16.2375,-3.61E-06,1.38E-07,6.17E-08,1.45E-07,2.59E-07,4.53E-07,329.834,341.298,350.781,376.426,420.051,511.682,332.352,341.345,349.821,374.617,418.186,510.306,1.78E-15,7.20046,1.52E-07,336.387,1.79E-15,10.0337,1.36E-07,337.477,1.72E-15,35.9621,2.17E-07,1.59E-15,14.8547,2.17E-07,52.6537,74.4297,48.7643,74.5499,44.172,75.4318,41.1467,76.2865,52.227,75.1373,47.7526,76.7431,42.8381,78.4724,39.6891,79.777
500,2.41E-15,1.77E-15,1.97E-15,1.87E-15,1.65E-15,1.14E-15,0.735058,10.4604,17.9061,31.0436,40.5789,27.6507,-3.58E-06,1.05E-07,6.39E-08,1.48E-07,2.62E-07,3.89E-07,2.48E-15,1.77E-15,1.92E-15,1.74E-15,1.51E-15,1.12E-15,6.66624,10.5171,12.4447,14.2558,15.5903,16.5284,-3.61E-06,1.04E-07,6.39E-08,1.48E-07,2.62E-07,4.06E-07,332.941,343.649,353.454,379.915,424.216,514.791,334.363,343.727,352.608,378.295,422.571,513.556,1.77E-15,6.81766,1.18E-07,338.723,1.78E-15,10.0728,1.04E-07,339.704,1.73E-15,37.5856,2.20E-07,1.59E-15,15.1565,2.20E-07,53.5115,74.5859,49.363,74.5977,44.3823,75.4165,41.1596,76.2768,52.8654,75.2196,47.727,76.756,42.3282,78.5381,39.0019,79.9301
600,2.41E-15,1.77E-15,1.97E-15,1.88E-15,1.66E-15,1.13E-15,0.725176,10.4646,18.0008,31.8251,41.9731,29.2453,-3.58E-06,8.64E-08,6.53E-08,1.50E-07,2.65E-07,3.75E-07,2.48E-15,1.77E-15,1.92E-15,1.75E-15,1.51E-15,1.10E-15,6.57178,10.5888,12.6502,14.5118,15.7653,16.74,-3.61E-06,8.50E-08,6.53E-08,1.50E-07,2.65E-07,3.92E-07,334.76,344.951,354.868,381.618,425.969,515.708,335.53,345.05,354.123,380.15,424.472,514.558,1.76E-15,6.51857,9.82E-08,340.12,1.78E-15,10.084,8.62E-08,340.963,1.75E-15,38.8059,2.23E-07,1.60E-15,15.372,2.23E-07,54.1273,74.6506,49.8965,74.6392,44.7177,75.4595,41.4011,76.3511,53.3225,75.2353,47.7505,76.7813,42.0969,78.6732,38.7131,80.1685
700,2.41E-15,1.76E-15,1.97E-15,1.89E-15,1.67E-15,1.12E-15,0.724313,10.4533,18.0574,32.4046,43.0732,30.7121,-3.58E-06,7.62E-08,6.61E-08,1.52E-07,2.68E-07,3.71E-07,2.47E-15,1.76E-15,1.92E-15,1.75E-15,1.52E-15,1.09E-15,6.4828,10.6411,12.8109,14.7077,15.8933,16.9233,-3.61E-06,7.46E-08,6.61E-08,1.52E-07,2.68E-07,3.86E-07,335.807,345.667,355.601,382.433,426.702,516.023,336.208,345.775,354.941,381.083,425.31,514.938,1.75E-15,6.29561,8.62E-08,340.965,1.77E-15,10.0796,7.62E-08,341.667,1.76E-15,39.7554,2.25E-07,1.60E-15,15.5318,2.25E-07,54.5576,74.6558,50.3471,74.6619,45.0798,75.5091,41.7194,76.435,53.6446,75.2119,47.7966,76.8075,42.0166,78.8219,38.6235,80.4107
800,2.40E-15,1.76E-15,1.97E-15,1.89E-15,1.68E-15,1.11E-15,0.724225,10.4357,18.0918,32.8427,43.9648,32.0864,-3.58E-06,7.06E-08,6.66E-08,1.53E-07,2.70E-07,3.69E-07,2.47E-15,1.76E-15,1.93E-15,1.75E-15,1.52E-15,1.08E-15,6.39909,10.6821,12.9365,14.8593,15.9923,17.0928,-3.61E-06,6.90E-08,6.66E-08,1.53E-07,2.70E-07,3.83E-07,336.412,346.058,355.974,382.817,427.017,516.183,336.609,346.169,355.381,381.559,425.704,515.152,1.75E-15,6.13518,7.87E-08,341.486,1.77E-15,10.0669,7.05E-08,342.061,1.77E-15,40.5126,2.27E-07,1.61E-15,15.6543,2.27E-07,54.849,74.6252,50.7153,74.6654,45.4233,75.5458,42.0434,76.5011,53.8668,75.1678,47.8497,76.8296,42.013,78.9582,38.6262,80.6235
900,2.40E-15,1.76E-15,1.97E-15,1.90E-15,1.69E-15,1.10E-15,0.72422,10.4169,18.1127,33.1779,44.7008,33.3844,-3.59E-06,6.75E-08,6.69E-08,1.54E-07,2.72E-07,3.67E-07,2.47E-15,1.76E-15,1.93E-15,1.75E-15,1.53E-15,1.06E-15,6.32044,10.7165,13.0343,14.9776,16.0718,17.2524,-3.61E-06,6.60E-08,6.69E-08,1.54E-07,2.72E-07,3.81E-07,336.769,346.272,356.157,382.995,427.165,516.306,336.853,346.381,355.621,381.81,425.915,515.32,1.75E-15,6.0227,7.41E-08,341.814,1.77E-15,10.0501,6.74E-08,342.282,1.77E-15,41.1266,2.28E-07,1.61E-15,15.7506,2.28E-07,55.0382,74.5757,51.0091,74.6537,45.7295,75.5651,42.3427,76.5426,54.0162,75.1148,47.9016,76.846,42.0444,79.0724,38.6666,80.7973
1000,2.40E-15,1.76E-15,1.97E-15,1.90E-15,1.70E-15,1.09E-15,0.724208,10.3989,18.1251,33.4361,45.3155,34.6151,-3.59E-06,6.59E-08,6.70E-08,1.54E-07,2.73E-07,3.65E-07,2.47E-15,1.76E-15,1.93E-15,1.75E-15,1.53E-15,1.05E-15,6.24664,10.7467,13.1101,15.0706,16.1369,17.4031,-3.61E-06,6.44E-08,6.70E-08,1.54E-07,2.73E-07,3.79E-07,336.985,346.388,356.242,383.076,427.248,516.422,337.009,346.492,355.752,381.952,426.051,515.475,1.75E-15,5.94525,7.10E-08,342.025,1.77E-15,10.0313,6.56E-08,342.406,1.78E-15,41.6303,2.29E-07,1.61E-15,15.8277,2.29E-07,55.1546,74.5188,51.2391,74.6315,45.9929,75.5683,42.6061,76.5617,54.1134,75.0605,47.9481,76.8568,42.0881,79.1629,38.7179,80.9334
1100,2.40E-15,1.76E-15,1.97E-15,1.90E-15,1.70E-15,1.08E-15,0.724211,10.3827,18.1321,33.6358,45.8329,35.7847,-3.59E-06,6.50E-08,6.70E-08,1.55E-07,2.75E-07,3.64E-07,2.47E-15,1.77E-15,1.92E-15,1.76E-15,1.53E-15,1.04E-15,6.17749,10.7741,13.1684,15.1439,16.191,17.5451,-3.61E-06,6.36E-08,6.70E-08,1.55E-07,2.75E-07,3.77E-07,337.123,346.451,356.277,383.112,427.306,516.537,337.113,346.549,355.826,382.04,426.154,515.625,1.75E-15,5.89261,6.91E-08,342.162,1.77E-15,10.0117,6.46E-08,342.476,1.78E-15,42.0465,2.30E-07,1.61E-15,15.8901,2.30E-07,55.2204,74.4619,51.4164,74.6031,46.2147,75.559,42.8321,76.5628,54.1738,75.0093,47.9878,76.8629,42.133,79.232,38.7679,81.037
1200,2.39E-15,1.77E-15,1.97E-15,1.90E-15,1.71E-15,1.07E-15,0.7242,10.3687,18.1356,33.7904,46.2705,36.8984,-3.59E-06,6.45E-08,6.69E-08,1.55E-07,2.76E-07,3.62E-07,2.47E-15,1.77E-15,1.92E-15,1.76E-15,1.53E-15,1.03E-15,6.11276,10.7997,13.2131,15.2018,16.236,17.6786,-3.61E-06,6.32E-08,6.69E-08,1.55E-07,2.76E-07,3.75E-07,337.216,346.484,356.286,383.129,427.355,516.654,337.189,346.577,355.87,382.101,426.243,515.772,1.75E-15,5.85711,6.78E-08,342.254,1.77E-15,9.99216,6.40E-08,342.517,1.79E-15,42.3918,2.31E-07,1.61E-15,15.9409,2.31E-07,55.2518,74.4092,51.551,74.5719,46.3988,75.5409,43.0229,76.5509,54.209,74.9634,48.0204,76.8653,42.1738,79.2833,38.8117,81.1144
1300,2.39E-15,1.77E-15,1.97E-15,1.90E-15,1.71E-15,1.06E-15,0.724195,10.3569,18.1369,33.91,46.6414,37.96,-3.59E-06,6.43E-08,6.69E-08,1.55E-07,2.77E-07,3.60E-07,2.47E-15,1.77E-15,1.92E-15,1.76E-15,1.53E-15,1.02E-15,6.05226,10.8238,13.247,15.2478,16.2734,17.8036,-3.61E-06,6.30E-08,6.69E-08,1.55E-07,2.77E-07,3.72E-07,337.282,346.5,356.283,383.138,427.402,516.771,337.249,346.589,355.897,382.149,426.325,515.915,1.75E-15,5.83329,6.69E-08,342.316,1.77E-15,9.97293,6.37E-08,342.542,1.79E-15,42.679,2.32E-07,1.61E-15,15.9823,2.32E-07,55.261,74.3628,51.6517,74.5405,46.5501,75.5175,43.1826,76.5305,54.2273,74.924,48.0463,76.865,42.2084,79.3203,38.848,81.1712
1400,2.39E-15,1.77E-15,1.97E-15,1.91E-15,1.71E-15,1.05E-15,0.724193,10.3469,18.1368,34.0021,46.9564,38.9729,-3.59E-06,6.42E-08,6.68E-08,1.56E-07,2.77E-07,3.59E-07,2.47E-15,1.77E-15,1.92E-15,1.76E-15,1.54E-15,1.01E-15,5.99578,10.8466,13.2726,15.2842,16.3044,17.9202,-3.61E-06,6.30E-08,6.68E-08,1.56E-07,2.77E-07,3.70E-07,337.334,346.507,356.275,383.143,427.449,516.886,337.299,346.592,355.914,382.189,426.402,516.056,1.75E-15,5.81735,6.63E-08,342.358,1.77E-15,9.95421,6.34E-08,342.557,1.79E-15,42.9181,2.32E-07,1.62E-15,16.0161,2.32E-07,55.2567,74.3236,51.726,74.5106,46.6736,75.4913,43.3155,76.5052,54.2348,74.891,48.0667,76.863,42.2365,79.3465,38.877,81.2125
1500,2.39E-15,1.77E-15,1.97E-15,1.91E-15,1.71E-15,1.05E-15,0.724191,10.3386,18.136,34.0729,47.2239,39.94,-3.59E-06,6.41E-08,6.67E-08,1.56E-07,2.78E-07,3.57E-07,2.46E-15,1.77E-15,1.92E-15,1.76E-15,1.54E-15,9.95E-16,5.9431,10.8685,13.2918,15.313,16.33,18.0285,-3.61E-06,6.30E-08,6.67E-08,1.56E-07,2.78E-07,3.69E-07,337.376,346.509,356.267,383.148,427.495,517.001,337.344,346.59,355.927,382.225,426.476,516.193,1.74E-15,5.80671,6.59E-08,342.388,1.77E-15,9.93609,6.33E-08,342.566,1.79E-15,43.1172,2.33E-07,1.62E-15,16.0436,2.33E-07,55.2451,74.2915,51.7801,74.4833,46.7739,75.4645,43.4257,76.4775,54.2356,74.864,48.0824,76.86,42.2589,79.3645,38.8996,81.2421
1600,2.38E-15,1.77E-15,1.97E-15,1.91E-15,1.72E-15,1.04E-15,0.724189,10.3317,18.1349,34.1269,47.4512,40.8639,-3.59E-06,6.41E-08,6.66E-08,1.56E-07,2.78E-07,3.55E-07,2.46E-15,1.77E-15,1.92E-15,1.76E-15,1.54E-15,9.85E-16,5.89403,10.8894,13.3061,15.3358,16.351,18.1285,-3.61E-06,6.30E-08,6.66E-08,1.56E-07,2.78E-07,3.67E-07,337.412,346.508,356.257,383.153,427.54,517.112,337.384,346.585,355.937,382.259,426.547,516.326,1.74E-15,5.79961,6.56E-08,342.409,1.77E-15,9.91862,6.32E-08,342.573,1.79E-15,43.283,2.33E-07,1.62E-15,16.066,2.33E-07,55.2301,74.2659,51.8188,74.459,46.8552,75.4383,43.5171,76.4493,54.2326,74.8425,48.0942,76.8565,42.2762,79.3766,38.9171,81.2631
1700,2.38E-15,1.77E-15,1.97E-15,1.91E-15,1.72E-15,1.03E-15,0.724186,10.3261,18.1337,34.1679,47.6442,41.7469,-3.59E-06,6.42E-08,6.65E-08,1.56E-07,2.78E-07,3.54E-07,2.46E-15,1.77E-15,1.92E-15,1.76E-15,1.54E-15,9.76E-16,5.84837,10.9095,13.3166,15.3539,16.3682,18.2206,-3.61E-06,6.31E-08,6.65E-08,1.56E-07,2.78E-07,3.65E-07,337.444,346.506,356.247,383.159,427.585,517.221,337.422,346.58,355.946,382.29,426.616,516.455,1.74E-15,5.79485,6.53E-08,342.425,1.77E-15,9.9018,6.32E-08,342.578,1.79E-15,43.4209,2.33E-07,1.62E-15,16.0841,2.33E-07,55.2142,74.2459,51.846,74.4379,46.9208,75.4138,43.5927,76.422,54.2278,74.8257,48.103,76.8529,42.2894,79.3845,38.9305,81.2779
1800,2.38E-15,1.77E-15,1.97E-15,1.91E-15,1.72E-15,1.02E-15,0.724183,10.3215,18.1324,34.1988,47.808,42.591,-3.59E-06,6.42E-08,6.65E-08,1.56E-07,2.79E-07,3.52E-07,2.46E-15,1.78E-15,1.92E-15,1.76E-15,1.54E-15,9.67E-16,5.80592,10.9288,13.3243,15.3681,16.3821,18.3048,-3.61E-06,6.32E-08,6.65E-08,1.56E-07,2.79E-07,3.63E-07,337.473,346.502,356.238,383.165,427.628,517.328,337.457,346.573,355.953,382.32,426.682,516.581,1.74E-15,5.79165,6.52E-08,342.437,1.77E-15,9.88564,6.31E-08,342.581,1.80E-15,43.5356,2.33E-07,1.62E-15,16.0987,2.33E-07,55.1991,74.2308,51.8647,74.4201,46.9738,75.3914,43.6554,76.3963,54.2224,74.8127,48.1095,76.8494,42.2994,79.3895,38.9406,81.2882
1900,2.38E-15,1.77E-15,1.97E-15,1.91E-15,1.72E-15,1.02E-15,0.72418,10.3177,18.1313,34.222,47.947,43.3981,-3.59E-06,6.43E-08,6.64E-08,1.56E-07,2.79E-07,3.51E-07,2.46E-15,1.78E-15,1.92E-15,1.76E-15,1.54E-15,9.58E-16,5.7665,10.9473,13.33,15.3793,16.3934,18.3814,-3.61E-06,6.33E-08,6.64E-08,1.56E-07,2.79E-07,3.61E-07,337.499,346.498,356.23,383.171,427.671,517.431,337.491,346.567,355.96,382.348,426.746,516.702,1.74E-15,5.78948,6.50E-08,342.446,1.77E-15,9.87012,6.31E-08,342.584,1.80E-15,43.6307,2.33E-07,1.62E-15,16.1104,2.33E-07,55.1856,74.2195,51.8773,74.4051,47.0166,75.3712,43.7074,76.3727,54.217,74.8028,48.1142,76.8461,42.3068,79.3924,38.9482,81.2952
2000,2.38E-15,1.77E-15,1.96E-15,1.91E-15,1.72E-15,1.01E-15,0.724178,10.3145,18.1304,34.2393,48.0649,44.1699,-3.59E-06,6.43E-08,6.64E-08,1.56E-07,2.79E-07,3.49E-07,2.46E-15,1.78E-15,1.92E-15,1.76E-15,1.54E-15,9.50E-16,5.72991,10.9651,13.334,15.3882,16.4025,18.4505,-3.61E-06,6.34E-08,6.64E-08,1.56E-07,2.79E-07,3.60E-07,337.524,346.494,356.223,383.177,427.712,517.53,337.523,346.561,355.966,382.375,426.807,516.821,1.74E-15,5.78801,6.49E-08,342.453,1.77E-15,9.85522,6.30E-08,342.586,1.80E-15,43.7095,2.34E-07,1.62E-15,16.1198,2.34E-07,55.1741,74.2113,51.8855,74.3928,47.0509,75.3535,43.7505,76.3514,54.2119,74.7954,48.1175,76.8432,42.3123,79.3939,38.9538,81.3
2100,2.37E-15,1.78E-15,1.96E-15,1.91E-15,1.72E-15,1.00E-15,0.724176,10.312,18.1296,34.252,48.1647,44.9081,-3.59E-06,6.44E-08,6.64E-08,1.56E-07,2.79E-07,3.48E-07,2.46E-15,1.78E-15,1.92E-15,1.76E-15,1.54E-15,9.42E-16,5.69599,10.9823,13.3369,15.3951,16.4098,18.5123,-3.61E-06,6.35E-08,6.64E-08,1.56E-07,2.79E-07,3.58E-07,337.546,346.489,356.217,383.184,427.752,517.626,337.553,346.554,355.972,382.401,426.866,516.935,1.74E-15,5.78699,6.48E-08,342.459,1.77E-15,9.84093,6.30E-08,342.589,1.80E-15,43.7747,2.34E-07,1.62E-15,16.1273,2.34E-07,55.1645,74.2055,51.8907,74.3828,47.0786,75.338,43.7863,76.3323,54.2074,74.79,48.12,76.8407,42.3164,79.3946,38.958,81.3032
2200,2.37E-15,1.78E-15,1.96E-15,1.91E-15,1.72E-15,9.99E-16,0.724174,10.31,18.1289,34.2614,48.2493,45.614,-3.59E-06,6.45E-08,6.64E-08,1.56E-07,2.79E-07,3.47E-07,2.46E-15,1.78E-15,1.92E-15,1.76E-15,1.54E-15,9.34E-16,5.66456,10.9988,13.3389,15.4005,16.4156,18.5672,-3.61E-06,6.36E-08,6.64E-08,1.56E-07,2.79E-07,3.56E-07,337.567,346.484,356.212,383.19,427.791,517.719,337.581,346.548,355.977,382.426,426.922,517.046,1.74E-15,5.78627,6.48E-08,342.464,1.77E-15,9.82722,6.30E-08,342.59,1.80E-15,43.8286,2.34E-07,1.62E-15,16.1333,2.34E-07,55.1567,74.2015,51.8937,74.3747,47.101,75.3246,43.816,76.3155,54.2037,74.7861,48.1217,76.8385,42.3193,79.3948,38.9611,81.3052
2300,2.37E-15,1.78E-15,1.96E-15,1.91E-15,1.72E-15,9.93E-16,0.724173,10.3083,18.1284,34.2681,48.3208,46.2892,-3.59E-06,6.45E-08,6.63E-08,1.56E-07,2.79E-07,3.45E-07,2.45E-15,1.78E-15,1.92E-15,1.76E-15,1.54E-15,9.27E-16,5.63546,11.0146,13.3403,15.4048,16.4202,18.6153,-3.61E-06,6.37E-08,6.63E-08,1.56E-07,2.79E-07,3.55E-07,337.587,346.48,356.207,383.197,427.828,517.807,337.607,346.542,355.982,382.45,426.977,517.153,1.74E-15,5.78575,6.47E-08,342.468,1.77E-15,9.81408,6.29E-08,342.592,1.80E-15,43.8731,2.34E-07,1.62E-15,16.138,2.34E-07,55.1507,74.1989,51.8952,74.3683,47.1192,75.3131,43.841,76.3007,54.2007,74.7833,48.1229,76.8367,42.3214,79.3946,38.9634,81.3066
2400,2.37E-15,1.78E-15,1.96E-15,1.91E-15,1.72E-15,9.88E-16,0.724171,10.3069,18.128,34.2729,48.3813,46.935,-3.59E-06,6.46E-08,6.63E-08,1.56E-07,2.80E-07,3.44E-07,2.45E-15,1.78E-15,1.92E-15,1.76E-15,1.54E-15,9.19E-16,5.60854,11.0299,13.3413,15.4081,16.4239,18.657,-3.61E-06,6.37E-08,6.63E-08,1.56E-07,2.80E-07,3.53E-07,337.605,346.475,356.202,383.203,427.864,517.892,337.632,346.536,355.986,382.474,427.03,517.257,1.74E-15,5.78536,6.47E-08,342.472,1.77E-15,9.80148,6.29E-08,342.593,1.80E-15,43.9098,2.34E-07,1.62E-15,16.1418,2.34E-07,55.146,74.1972,51.8958,74.3633,47.134,75.3034,43.862,76.2878,54.1983,74.7813,48.1237,76.8352,42.323,79.3942,38.965,81.3074
2500,2.37E-15,1.78E-15,1.96E-15,1.91E-15,1.72E-15,9.83E-16,0.724169,10.3059,18.1277,34.2763,48.4325,47.5525,-3.59E-06,6.47E-08,6.63E-08,1.56E-07,2.80E-07,3.43E-07,2.45E-15,1.78E-15,1.92E-15,1.76E-15,1.54E-15,9.13E-16,5.58365,11.0446,13.342,15.4106,16.4268,18.6923,-3.61E-06,6.38E-08,6.63E-08,1.56E-07,2.80E-07,3.52E-07,337.622,346.47,356.197,383.209,427.898,517.974,337.656,346.53,355.991,382.496,427.081,517.357,1.74E-15,5.78506,6.46E-08,342.476,1.77E-15,9.7894,6.29E-08,342.594,1.80E-15,43.9401,2.34E-07,1.62E-15,16.1447,2.34E-07,55.1426,74.1962,51.8959,74.3594,47.1459,75.295,43.8796,76.2765,54.1965,74.7799,48.1243,76.8339,42.324,79.3938,38.9662,81.3078
2600,2.37E-15,1.78E-15,1.96E-15,1.91E-15,1.72E-15,9.78E-16,0.724168,10.305,18.1275,34.2787,48.4758,48.143,-3.59E-06,6.47E-08,6.63E-08,1.56E-07,2.80E-07,3.42E-07,2.45E-15,1.79E-15,1.92E-15,1.76E-15,1.54E-15,9.06E-16,5.56065,11.0587,13.3425,15.4126,16.4291,18.7217,-3.61E-06,6.39E-08,6.63E-08,1.56E-07,2.80E-07,3.51E-07,337.638,346.466,356.193,383.215,427.931,518.052,337.677,346.524,355.995,382.517,427.13,517.453,1.74E-15,5.78482,6.46E-08,342.478,1.77E-15,9.77782,6.29E-08,342.595,1.80E-15,43.965,2.34E-07,1.62E-15,16.147,2.34E-07,55.14,74.1957,51.8956,74.3564,47.1556,75.288,43.8942,76.2668,54.1952,74.779,48.1247,76.8329,42.3248,79.3934,38.9671,81.3081
2700,2.36E-15,1.78E-15,1.96E-15,1.91E-15,1.72E-15,9.74E-16,0.724166,10.3043,18.1274,34.2804,48.5124,48.7076,-3.59E-06,6.48E-08,6.63E-08,1.56E-07,2.80E-07,3.41E-07,2.45E-15,1.79E-15,1.92E-15,1.76E-15,1.54E-15,9.00E-16,5.53941,11.0723,13.3428,15.4142,16.431,18.7454,-3.61E-06,6.40E-08,6.63E-08,1.56E-07,2.80E-07,3.49E-07,337.653,346.461,356.19,383.22,427.962,518.127,337.698,346.519,355.999,382.537,427.177,517.547,1.74E-15,5.78463,6.45E-08,342.481,1.77E-15,9.76673,6.29E-08,342.596,1.80E-15,43.9856,2.34E-07,1.62E-15,16.1489,2.34E-07,55.1382,74.1955,51.8951,74.3541,47.1634,75.2821,43.9062,76.2585,54.1941,74.7784,48.125,76.8321,42.3254,79.393,38.9678,81.3082
2800,2.36E-15,1.78E-15,1.96E-15,1.91E-15,1.72E-15,9.69E-16,0.724165,10.3037,18.1273,34.2815,48.5434,49.2473,-3.59E-06,6.49E-08,6.63E-08,1.56E-07,2.80E-07,3.40E-07,2.45E-15,1.79E-15,1.92E-15,1.76E-15,1.54E-15,8.94E-16,5.5198,11.0854,13.343,15.4153,16.4324,18.7636,-3.61E-06,6.41E-08,6.63E-08,1.56E-07,2.80E-07,3.48E-07,337.666,346.457,356.187,383.226,427.992,518.198,337.716,346.513,356.002,382.557,427.223,517.637,1.74E-15,5.78447,6.45E-08,342.484,1.78E-15,9.7561,6.29E-08,342.596,1.80E-15,44.0025,2.34E-07,1.62E-15,16.1503,2.34E-07,55.137,74.1954,51.8946,74.3523,47.1698,75.2772,43.9164,76.2514,54.1933,74.778,48.1252,76.8313,42.3258,79.3926,38.9683,81.3081
2900,2.36E-15,1.78E-15,1.96E-15,1.91E-15,1.72E-15,9.65E-16,0.724164,10.3033,18.1272,34.2822,48.5695,49.7633,-3.59E-06,6.49E-08,6.63E-08,1.56E-07,2.80E-07,3.39E-07,2.45E-15,1.79E-15,1.92E-15,1.76E-15,1.54E-15,8.88E-16,5.5017,11.098,13.3432,15.4163,16.4335,18.7766,-3.61E-06,6.41E-08,6.63E-08,1.56E-07,2.80E-07,3.47E-07,337.679,346.452,356.184,383.231,428.021,518.267,337.734,346.508,356.006,382.576,427.267,517.724,1.74E-15,5.78433,6.45E-08,342.486,1.78E-15,9.74592,6.29E-08,342.597,1.80E-15,44.0164,2.34E-07,1.62E-15,16.1514,2.34E-07,55.1361,74.1955,51.894,74.351,47.1749,75.2732,43.9249,76.2454,54.1928,74.7778,48.1254,76.8308,42.3262,79.3922,38.9687,81.3081
3000,2.36E-15,1.79E-15,1.96E-15,1.91E-15,1.72E-15,9.61E-16,0.724163,10.303,18.1271,34.2826,48.5915,50.2564,-3.59E-06,6.50E-08,6.63E-08,1.56E-07,2.80E-07,3.38E-07,2.45E-15,1.79E-15,1.92E-15,1.76E-15,1.54E-15,8.82E-16,5.48501,11.1101,13.3433,15.417,16.4344,18.7846,-3.61E-06,6.42E-08,6.63E-08,1.56E-07,2.80E-07,3.45E-07,337.691,346.448,356.181,383.236,428.048,518.332,337.75,346.503,356.009,382.594,427.31,517.808,1.75E-15,5.7842,6.44E-08,342.488,1.78E-15,9.73618,6.29E-08,342.597,1.80E-15,44.0278,2.34E-07,1.62E-15,16.1523,2.34E-07,55.1356,74.1957,51.8934,74.35,47.1791,75.2698,43.9322,76.2403,54.1924,74.7777,48.1255,76.8303,42.3264,79.3919,38.969,81.308
3100,2.36E-15,1.79E-15,1.96E-15,1.91E-15,1.72E-15,9.57E-16,0.724162,10.3027,18.1271,34.2829,48.6101,50.7276,-3.59E-06,6.51E-08,6.63E-08,1.56E-07,2.80E-07,3.37E-07,2.45E-15,1.79E-15,1.92E-15,1.76E-15,1.54E-15,8.77E-16,5.46961,11.1218,13.3434,15.4176,16.435,18.788,-3.61E-06,6.43E-08,6.63E-08,1.56E-07,2.80E-07,3.44E-07,337.702,346.444,356.179,383.241,428.074,518.395,337.765,346.498,356.012,382.611,427.351,517.889,1.75E-15,5.78409,6.44E-08,342.489,1.78E-15,9.72684,6.29E-08,342.597,1.80E-15,44.0371,2.34E-07,1.62E-15,16.1529,2.34E-07,55.1352,74.1958,51.893,74.3493,47.1826,75.2669,43.9383,76.2359,54.1921,74.7776,48.1256,76.83,42.3266,79.3916,38.9691,81.3079
3200,2.36E-15,1.79E-15,1.96E-15,1.90E-15,1.72E-15,9.53E-16,0.72416,10.3025,18.1271,34.283,48.6259,51.1778,-3.59E-06,6.51E-08,6.63E-08,1.56E-07,2.80E-07,3.36E-07,2.45E-15,1.79E-15,1.92E-15,1.76E-15,1.54E-15,8.72E-16,5.45541,11.1331,13.3434,15.4181,16.4356,18.7869,-3.61E-06,6.44E-08,6.63E-08,1.56E-07,2.80E-07,3.43E-07,337.713,346.44,356.176,383.245,428.1,518.455,337.778,346.493,356.015,382.628,427.391,517.967,1.75E-15,5.78398,6.44E-08,342.491,1.78E-15,9.7179,6.29E-08,342.597,1.80E-15,44.0448,2.34E-07,1.62E-15,16.1535,2.34E-07,55.135,74.196,51.8925,74.3488,47.1854,75.2646,43.9434,76.2321,54.192,74.7776,48.1256,76.8297,42.3267,79.3914,38.9693,81.3078
3300,2.36E-15,1.79E-15,1.96E-15,1.90E-15,1.72E-15,9.50E-16,0.724159,10.3024,18.1271,34.283,48.6392,51.6078,-3.59E-06,6.52E-08,6.63E-08,1.56E-07,2.80E-07,3.35E-07,2.44E-15,1.79E-15,1.92E-15,1.76E-15,1.54E-15,8.67E-16,5.44232,11.144,13.3434,15.4185,16.436,18.7817,-3.61E-06,6.44E-08,6.63E-08,1.56E-07,2.80E-07,3.42E-07,337.722,346.435,356.174,383.249,428.123,518.512,337.791,346.488,356.018,382.644,427.429,518.043,1.75E-15,5.78389,6.44E-08,342.492,1.78E-15,9.70934,6.29E-08,342.597,1.80E-15,44.0512,2.34E-07,1.62E-15,16.1539,2.34E-07,55.1349,74.1962,51.8922,74.3484,47.1876,75.2627,43.9476,76.229,54.1919,74.7776,48.1255,76.8295,42.3267,79.3912,38.9693,81.3077
3400,2.35E-15,1.79E-15,1.96E-15,1.90E-15,1.72E-15,9.47E-16,0.724159,10.3023,18.1271,34.2831,48.6504,52.0185,-3.59E-06,6.52E-08,6.63E-08,1.56E-07,2.80E-07,3.35E-07,2.44E-15,1.80E-15,1.92E-15,1.76E-15,1.54E-15,8.62E-16,5.43026,11.1544,13.3435,15.4188,16.4363,18.7726,-3.61E-06,6.45E-08,6.63E-08,1.56E-07,2.80E-07,3.41E-07,337.731,346.431,356.172,383.253,428.146,518.567,337.802,346.483,356.021,382.66,427.467,518.116,1.75E-15,5.7838,6.43E-08,342.494,1.78E-15,9.70114,6.29E-08,342.597,1.80E-15,44.0563,2.34E-07,1.62E-15,16.1542,2.34E-07,55.1349,74.1963,51.892,74.3481,47.1895,75.2611,43.9511,76.2263,54.1918,74.7776,48.1255,76.8294,42.3267,79.3911,38.9694,81.3076
3500,2.35E-15,1.79E-15,1.96E-15,1.90E-15,1.72E-15,9.43E-16,0.724158,10.3022,18.1271,34.283,48.6598,52.4106,-3.59E-06,6.53E-08,6.63E-08,1.56E-07,2.80E-07,3.34E-07,2.44E-15,1.80E-15,1.92E-15,1.76E-15,1.54E-15,8.58E-16,5.41914,11.1645,13.3435,15.419,16.4366,18.7598,-3.61E-06,6.46E-08,6.63E-08,1.56E-07,2.80E-07,3.40E-07,337.74,346.427,356.17,383.257,428.168,518.619,337.813,346.479,356.023,382.675,427.503,518.186,1.75E-15,5.78372,6.43E-08,342.495,1.78E-15,9.6933,6.29E-08,342.597,1.80E-15,44.0606,2.34E-07,1.62E-15,16.1544,2.34E-07,55.1349,74.1964,51.8917,74.3479,47.191,75.2598,43.9542,76.224,54.1918,74.7776,48.1254,76.8293,42.3267,79.391,38.9694,81.3075
3600,2.35E-15,1.79E-15,1.96E-15,1.90E-15,1.72E-15,9.40E-16,0.724157,10.3021,18.1271,34.283,48.6678,52.7849,-3.59E-06,6.54E-08,6.63E-08,1.56E-07,2.80E-07,3.33E-07,2.44E-15,1.80E-15,1.92E-15,1.76E-15,1.54E-15,8.54E-16,5.40891,11.1742,13.3435,15.4191,16.4368,18.7436,-3.61E-06,6.46E-08,6.63E-08,1.56E-07,2.80E-07,3.39E-07,337.748,346.423,356.169,383.261,428.189,518.67,337.823,346.474,356.025,382.69,427.538,518.254,1.75E-15,5.78364,6.43E-08,342.496,1.78E-15,9.68579,6.29E-08,342.597,1.80E-15,44.0641,2.34E-07,1.62E-15,16.1546,2.34E-07,55.135,74.1965,51.8916,74.3478,47.1922,75.2587,43.9569,76.2221,54.1918,74.7776,48.1254,76.8292,42.3267,79.391,38.9695,81.3075
3700,2.35E-15,1.79E-15,1.96E-15,1.90E-15,1.72E-15,9.37E-16,0.724156,10.3021,18.1271,34.283,48.6745,53.1422,-3.59E-06,6.54E-08,6.63E-08,1.56E-07,2.80E-07,3.32E-07,2.44E-15,1.80E-15,1.92E-15,1.76E-15,1.54E-15,8.50E-16,5.39948,11.1835,13.3435,15.4192,16.4369,18.7243,-3.61E-06,6.47E-08,6.63E-08,1.56E-07,2.80E-07,3.38E-07,337.755,346.42,356.167,383.264,428.21,518.717,337.832,346.47,356.028,382.704,427.572,518.319,1.75E-15,5.78357,6.43E-08,342.497,1.78E-15,9.6786,6.29E-08,342.597,1.80E-15,44.0669,2.34E-07,1.62E-15,16.1548,2.34E-07,55.135,74.1966,51.8914,74.3477,47.1932,75.2578,43.959,76.2205,54.1918,74.7776,48.1253,76.8292,42.3268,79.3909,38.9695,81.3075
3800,2.35E-15,1.79E-15,1.96E-15,1.90E-15,1.72E-15,9.35E-16,0.724156,10.3021,18.1271,34.283,48.6802,53.4831,-3.59E-06,6.55E-08,6.63E-08,1.56E-07,2.80E-07,3.32E-07,2.44E-15,1.80E-15,1.92E-15,1.76E-15,1.54E-15,8.46E-16,5.3908,11.1925,13.3435,15.4193,16.437,18.702,-3.61E-06,6.48E-08,6.63E-08,1.56E-07,2.80E-07,3.37E-07,337.762,346.416,356.165,383.267,428.229,518.763,337.84,346.465,356.03,382.718,427.604,518.382,1.75E-15,5.7835,6.43E-08,342.498,1.78E-15,9.67173,6.29E-08,342.596,1.80E-15,44.0693,2.34E-07,1.62E-15,16.1549,2.34E-07,55.1351,74.1967,51.8913,74.3476,47.194,75.2571,43.9608,76.2191,54.1918,74.7776,48.1254,76.8292,42.3268,79.3909,38.9695,81.3074
3900,2.35E-15,1.79E-15,1.96E-15,1.90E-15,1.72E-15,9.32E-16,0.724155,10.3021,18.1271,34.2829,48.6851,53.8083,-3.59E-06,6.55E-08,6.63E-08,1.56E-07,2.80E-07,3.31E-07,2.44E-15,1.80E-15,1.92E-15,1.76E-15,1.54E-15,8.42E-16,5.3828,11.2012,13.3435,15.4194,16.4371,18.6769,-3.61E-06,6.48E-08,6.63E-08,1.56E-07,2.80E-07,3.36E-07,337.768,346.412,356.164,383.27,428.247,518.807,337.847,346.461,356.032,382.731,427.636,518.443,1.75E-15,5.78343,6.43E-08,342.499,1.78E-15,9.66515,6.29E-08,342.596,1.80E-15,44.0712,2.34E-07,1.62E-15,16.155,2.34E-07,55.1351,74.1967,51.8912,74.3476,47.1947,75.2565,43.9623,76.218,54.1918,74.7777,48.1254,76.8292,42.3268,79.3908,38.9695,81.3074
4000,2.35E-15,1.79E-15,1.96E-15,1.90E-15,1.72E-15,9.29E-16,0.724155,10.3022,18.1271,34.2829,48.6891,54.1184,-3.59E-06,6.56E-08,6.63E-08,1.56E-07,2.80E-07,3.31E-07,2.44E-15,1.80E-15,1.92E-15,1.76E-15,1.54E-15,8.38E-16,5.37544,11.2096,13.3435,15.4195,16.4372,18.6494,-3.61E-06,6.49E-08,6.63E-08,1.56E-07,2.80E-07,3.36E-07,337.774,346.408,356.162,383.273,428.265,518.849,337.854,346.457,356.033,382.744,427.667,518.501,1.75E-15,5.78337,6.43E-08,342.499,1.78E-15,9.65885,6.29E-08,342.595,1.80E-15,44.0728,2.34E-07,1.62E-15,16.155,2.34E-07,55.1351,74.1967,51.8911,74.3476,47.1953,75.256,43.9636,76.217,54.1918,74.7777,48.1255,76.8292,42.3268,79.3908,38.9695,81.3074
4100,2.34E-15,1.80E-15,1.96E-15,1.90E-15,1.72E-15,9.27E-16,0.724154,10.3022,18.1271,34.2828,48.6925,54.4141,-3.59E-06,6.56E-08,6.63E-08,1.56E-07,2.80E-07,3.30E-07,2.44E-15,1.80E-15,1.92E-15,1.76E-15,1.54E-15,8.35E-16,5.36867,11.2176,13.3435,15.4195,16.4372,18.6197,-3.61E-06,6.49E-08,6.63E-08,1.56E-07,2.80E-07,3.35E-07,337.78,346.405,356.161,383.275,428.282,518.889,337.86,346.453,356.035,382.756,427.697,518.557,1.75E-15,5.78331,6.43E-08,342.5,1.78E-15,9.65282,6.29E-08,342.595,1.80E-15,44.0741,2.34E-07,1.62E-15,16.1551,2.34E-07,55.1352,74.1968,51.891,74.3476,47.1957,75.2556,43.9647,76.2162,54.1918,74.7777,48.1255,76.8291,42.3268,79.3908,38.9695,81.3073
4200,2.34E-15,1.80E-15,1.96E-15,1.90E-15,1.72E-15,9.25E-16,0.724154,10.3022,18.1271,34.2828,48.6954,54.696,-3.59E-06,6.57E-08,6.63E-08,1.56E-07,2.80E-07,3.29E-07,2.44E-15,1.80E-15,1.92E-15,1.76E-15,1.54E-15,8.32E-16,5.36243,11.2254,13.3435,15.4196,16.4373,18.5878,-3.61E-06,6.50E-08,6.63E-08,1.56E-07,2.80E-07,3.34E-07,337.785,346.401,356.16,383.278,428.298,518.927,337.866,346.449,356.037,382.768,427.727,518.611,1.75E-15,5.78326,6.43E-08,342.5,1.78E-15,9.64706,6.29E-08,342.594,1.80E-15,44.0752,2.34E-07,1.62E-15,16.1551,2.34E-07,55.1353,74.1968,51.891,74.3476,47.1961,75.2553,43.9657,76.2155,54.1918,74.7777,48.1255,76.8291,42.3268,79.3907,38.9695,81.3073
4300,2.34E-15,1.80E-15,1.96E-15,1.90E-15,1.72E-15,9.22E-16,0.724153,10.3023,18.1271,34.2828,48.6978,54.9646,-3.59E-06,6.57E-08,6.63E-08,1.56E-07,2.80E-07,3.29E-07,2.44E-15,1.80E-15,1.92E-15,1.76E-15,1.54E-15,8.29E-16,5.35668,11.2329,13.3435,15.4196,16.4373,18.5542,-3.61E-06,6.51E-08,6.63E-08,1.56E-07,2.80E-07,3.33E-07,337.79,346.398,356.159,383.28,428.314,518.964,337.871,346.445,356.039,382.78,427.755,518.663,1.75E-15,5.7832,6.43E-08,342.501,1.78E-15,9.64155,6.29E-08,342.593,1.80E-15,44.0761,2.34E-07,1.62E-15,16.1552,2.34E-07,55.1353,74.1968,51.8909,74.3476,47.1964,75.255,43.9664,76.2149,54.1918,74.7777,48.1255,76.8291,42.3268,79.3907,38.9695,81.3073
4400,2.34E-15,1.80E-15,1.96E-15,1.90E-15,1.72E-15,9.20E-16,0.724153,10.3023,18.1271,34.2827,48.6999,55.2206,-3.59E-06,6.58E-08,6.63E-08,1.56E-07,2.80E-07,3.28E-07,2.44E-15,1.81E-15,1.92E-15,1.76E-15,1.54E-15,8.26E-16,5.35139,11.2401,13.3435,15.4196,16.4373,18.5188,-3.61E-06,6.51E-08,6.63E-08,1.56E-07,2.80E-07,3.33E-07,337.795,346.395,356.157,383.282,428.329,518.999,337.876,346.441,356.04,382.791,427.783,518.712,1.75E-15,5.78316,6.42E-08,342.501,1.78E-15,9.63627,6.29E-08,342.593,1.80E-15,44.0768,2.34E-07,1.62E-15,16.1552,2.34E-07,55.1354,74.1968,51.8909,74.3476,47.1966,75.2548,43.967,76.2144,54.1918,74.7777,48.1255,76.8291,42.3268,79.3907,38.9695,81.3073
4500,2.34E-15,1.80E-15,1.96E-15,1.90E-15,1.72E-15,9.18E-16,0.724152,10.3023,18.1271,34.2827,48.7016,55.4643,-3.59E-06,6.58E-08,6.63E-08,1.56E-07,2.80E-07,3.28E-07,2.43E-15,1.81E-15,1.92E-15,1.76E-15,1.54E-15,8.23E-16,5.34652,11.2471,13.3435,15.4196,16.4373,18.482,-3.61E-06,6.52E-08,6.63E-08,1.56E-07,2.80E-07,3.32E-07,337.799,346.391,356.156,383.284,428.343,519.032,337.881,346.437,356.041,382.803,427.809,518.76,1.75E-15,5.78311,6.42E-08,342.501,1.78E-15,9.63123,6.29E-08,342.592,1.80E-15,44.0773,2.34E-07,1.62E-15,16.1552,2.34E-07,55.1354,74.1968,51.8909,74.3476,47.1968,75.2546,43.9675,76.214,54.1918,74.7777,48.1254,76.8291,42.3268,79.3907,38.9695,81.3073
4600,2.34E-15,1.80E-15,1.96E-15,1.90E-15,1.72E-15,9.16E-16,0.724152,10.3024,18.1271,34.2827,48.7031,55.6965,-3.59E-06,6.59E-08,6.63E-08,1.56E-07,2.80E-07,3.28E-07,2.43E-15,1.81E-15,1.92E-15,1.76E-15,1.54E-15,8.20E-16,5.34204,11.2538,13.3435,15.4196,16.4373,18.444,-3.61E-06,6.52E-08,6.63E-08,1.56E-07,2.80E-07,3.31E-07,337.803,346.388,356.155,383.286,428.357,519.064,337.885,346.433,356.043,382.813,427.836,518.806,1.75E-15,5.78307,6.42E-08,342.501,1.78E-15,9.6264,6.30E-08,342.591,1.80E-15,44.0778,2.34E-07,1.62E-15,16.1552,2.34E-07,55.1354,74.1968,51.8909,74.3476,47.197,75.2545,43.9681,76.2136,54.1918,74.7777,48.1254,76.8291,42.3268,79.3907,38.9695,81.3073
4700,2.34E-15,1.80E-15,1.96E-15,1.90E-15,1.72E-15,9.15E-16,0.724151,10.3024,18.1271,34.2827,48.7043,55.9175,-3.59E-06,6.59E-08,6.63E-08,1.56E-07,2.80E-07,3.27E-07,2.43E-15,1.81E-15,1.92E-15,1.76E-15,1.54E-15,8.18E-16,5.3379,11.2603,13.3435,15.4197,16.4373,18.4048,-3.61E-06,6.53E-08,6.63E-08,1.56E-07,2.80E-07,3.31E-07,337.807,346.385,356.154,383.288,428.371,519.094,337.888,346.429,356.044,382.824,427.861,518.85,1.75E-15,5.78303,6.42E-08,342.502,1.78E-15,9.62178,6.30E-08,342.59,1.80E-15,44.0782,2.34E-07,1.62E-15,16.1552,2.34E-07,55.1354,74.1968,51.8909,74.3476,47.1971,75.2544,43.9685,76.2133,54.1918,74.7777,48.1254,76.8291,42.3268,79.3907,38.9695,81.3073
4800,2.34E-15,1.80E-15,1.96E-15,1.90E-15,1.72E-15,9.13E-16,0.724151,10.3025,18.1271,34.2827,48.7054,56.1279,-3.59E-06,6.60E-08,6.63E-08,1.56E-07,2.80E-07,3.27E-07,2.43E-15,1.81E-15,1.92E-15,1.76E-15,1.54E-15,8.15E-16,5.33408,11.2665,13.3435,15.4197,16.4373,18.3647,-3.61E-06,6.53E-08,6.63E-08,1.56E-07,2.80E-07,3.30E-07,337.81,346.381,356.153,383.29,428.384,519.123,337.892,346.426,356.045,382.834,427.886,518.892,1.75E-15,5.78299,6.42E-08,342.502,1.78E-15,9.61737,6.30E-08,342.589,1.80E-15,44.0785,2.34E-07,1.62E-15,16.1552,2.34E-07,55.1354,74.1968,51.8909,74.3476,47.1972,75.2543,43.9688,76.2131,54.1918,74.7777,48.1255,76.8291,42.3268,79.3907,38.9695,81.3072
4900,2.34E-15,1.80E-15,1.96E-15,1.90E-15,1.72E-15,9.11E-16,0.724151,10.3025,18.1271,34.2827,48.7063,56.3281,-3.59E-06,6.60E-08,6.63E-08,1.56E-07,2.80E-07,3.26E-07,2.43E-15,1.81E-15,1.92E-15,1.76E-15,1.54E-15,8.13E-16,5.33056,11.2726,13.3435,15.4197,16.4373,18.3238,-3.61E-06,6.54E-08,6.63E-08,1.56E-07,2.80E-07,3.29E-07,337.814,346.378,356.152,383.291,428.396,519.151,337.895,346.422,356.047,382.844,427.91,518.932,1.75E-15,5.78295,6.42E-08,342.502,1.78E-15,9.61315,6.30E-08,342.588,1.80E-15,44.0788,2.34E-07,1.62E-15,16.1553,2.34E-07,55.1355,74.1968,51.8909,74.3476,47.1973,75.2542,43.9691,76.2128,54.1918,74.7777,48.1255,76.8291,42.3268,79.3907,38.9696,81.3072
5000,2.33E-15,1.80E-15,1.96E-15,1.90E-15,1.72E-15,9.10E-16,0.72415,10.3026,18.1271,34.2827,48.707,56.5185,-3.59E-06,6.60E-08,6.63E-08,1.56E-07,2.80E-07,3.26E-07,2.43E-15,1.81E-15,1.92E-15,1.76E-15,1.54E-15,8.11E-16,5.32732,11.2784,13.3435,15.4197,16.4373,18.2823,-3.61E-06,6.54E-08,6.63E-08,1.56E-07,2.80E-07,3.29E-07,337.817,346.375,356.151,383.293,428.408,519.178,337.897,346.419,356.048,382.854,427.933,518.97,1.75E-15,5.78292,6.42E-08,342.502,1.78E-15,9.60911,6.30E-08,342.588,1.80E-15,44.079,2.34E-07,1.62E-15,16.1553,2.34E-07,55.1355,74.1968,51.8909,74.3476,47.1974,75.2541,43.9693,76.2127,54.1918,74.7778,48.1255,76.8291,42.3268,79.3907,38.9696,81.3072
5100,2.33E-15,1.80E-15,1.96E-15,1.90E-15,1.72E-15,9.08E-16,0.72415,10.3026,18.1271,34.2827,48.7076,56.6996,-3.59E-06,6.61E-08,6.63E-08,1.56E-07,2.80E-07,3.26E-07,2.43E-15,1.81E-15,1.92E-15,1.76E-15,1.54E-15,8.09E-16,5.32432,11.284,13.3435,15.4197,16.4374,18.2403,-3.61E-06,6.55E-08,6.63E-08,1.56E-07,2.80E-07,3.28E-07,337.82,346.372,356.15,383.294,428.42,519.203,337.9,346.415,356.049,382.863,427.956,519.007,1.75E-15,5.78288,6.42E-08,342.502,1.78E-15,9.60525,6.30E-08,342.587,1.80E-15,44.0792,2.34E-07,1.62E-15,16.1553,2.34E-07,55.1354,74.1968,51.8909,74.3476,47.1975,75.2541,43.9695,76.2125,54.1918,74.7778,48.1255,76.8291,42.3268,79.3907,38.9696,81.3072
5200,2.33E-15,1.81E-15,1.96E-15,1.90E-15,1.72E-15,9.07E-16,0.72415,10.3027,18.1271,34.2827,48.7082,56.8719,-3.59E-06,6.61E-08,6.63E-08,1.56E-07,2.80E-07,3.25E-07,2.43E-15,1.81E-15,1.92E-15,1.76E-15,1.54E-15,8.07E-16,5.32155,11.2894,13.3435,15.4197,16.4374,18.198,-3.61E-06,6.55E-08,6.63E-08,1.56E-07,2.80E-07,3.28E-07,337.822,346.369,356.15,383.296,428.431,519.227,337.902,346.412,356.05,382.872,427.979,519.042,1.75E-15,5.78285,6.42E-08,342.502,1.78E-15,9.60156,6.30E-08,342.586,1.80E-15,44.0793,2.34E-07,1.62E-15,16.1553,2.34E-07,55.1354,74.1968,51.8909,74.3476,47.1975,75.254,43.9697,76.2124,54.1919,74.7777,48.1255,76.8291,42.3268,79.3907,38.9696,81.3072
5300,2.33E-15,1.81E-15,1.96E-15,1.90E-15,1.72E-15,9.05E-16,0.724149,10.3027,18.1271,34.2827,48.7086,57.0356,-3.59E-06,6.62E-08,6.63E-08,1.56E-07,2.80E-07,3.25E-07,2.43E-15,1.81E-15,1.92E-15,1.76E-15,1.54E-15,8.05E-16,5.319,11.2946,13.3435,15.4197,16.4374,18.1554,-3.61E-06,6.56E-08,6.63E-08,1.56E-07,2.80E-07,3.27E-07,337.825,346.366,356.149,383.297,428.442,519.25,337.904,346.408,356.051,382.881,428,519.075,1.75E-15,5.78282,6.42E-08,342.502,1.79E-15,9.59803,6.31E-08,342.585,1.80E-15,44.0794,2.34E-07,1.62E-15,16.1553,2.34E-07,55.1354,74.1968,51.8909,74.3476,47.1976,75.254,43.9699,76.2123,54.1919,74.7777,48.1255,76.8291,42.3268,79.3907,38.9696,81.3072
5400,2.33E-15,1.81E-15,1.96E-15,1.90E-15,1.72E-15,9.04E-16,0.724149,10.3028,18.1271,34.2827,48.709,57.1912,-3.59E-06,6.62E-08,6.63E-08,1.56E-07,2.80E-07,3.25E-07,2.43E-15,1.82E-15,1.92E-15,1.76E-15,1.54E-15,8.03E-16,5.31664,11.2997,13.3435,15.4197,16.4374,18.1128,-3.61E-06,6.56E-08,6.63E-08,1.56E-07,2.80E-07,3.27E-07,337.827,346.363,356.148,383.298,428.452,519.272,337.906,346.405,356.052,382.89,428.022,519.107,1.75E-15,5.78279,6.42E-08,342.502,1.79E-15,9.59466,6.31E-08,342.584,1.80E-15,44.0795,2.34E-07,1.62E-15,16.1553,2.34E-07,55.1354,74.1968,51.8909,74.3476,47.1976,75.2539,43.97,76.2122,54.1919,74.7777,48.1254,76.8291,42.3268,79.3907,38.9695,81.3072
5500,2.33E-15,1.81E-15,1.96E-15,1.90E-15,1.72E-15,9.03E-16,0.724149,10.3028,18.1271,34.2827,48.7093,57.3391,-3.59E-06,6.63E-08,6.63E-08,1.56E-07,2.80E-07,3.24E-07,2.43E-15,1.82E-15,1.92E-15,1.76E-15,1.54E-15,8.01E-16,5.31447,11.3046,13.3435,15.4197,16.4374,18.0701,-3.61E-06,6.57E-08,6.63E-08,1.56E-07,2.80E-07,3.26E-07,337.83,346.361,356.147,383.299,428.462,519.293,337.908,346.402,356.053,382.899,428.042,519.138,1.75E-15,5.78276,6.42E-08,342.502,1.79E-15,9.59144,6.31E-08,342.583,1.80E-15,44.0796,2.34E-07,1.62E-15,16.1553,2.34E-07,55.1354,74.1968,51.8908,74.3476,47.1976,75.2539,43.97,76.2121,54.1919,74.7777,48.1255,76.8291,42.3268,79.3907,38.9695,81.3072
5600,2.33E-15,1.81E-15,1.96E-15,1.90E-15,1.72E-15,9.01E-16,0.724149,10.3028,18.1271,34.2827,48.7096,57.4796,-3.59E-06,6.63E-08,6.63E-08,1.56E-07,2.80E-07,3.24E-07,2.43E-15,1.82E-15,1.92E-15,1.76E-15,1.54E-15,8.00E-16,5.31245,11.3093,13.3435,15.4197,16.4374,18.0276,-3.61E-06,6.57E-08,6.63E-08,1.56E-07,2.80E-07,3.26E-07,337.832,346.358,356.146,383.3,428.472,519.313,337.91,346.398,356.053,382.907,428.062,519.167,1.75E-15,5.78273,6.42E-08,342.501,1.79E-15,9.58835,6.31E-08,342.582,1.80E-15,44.0797,2.34E-07,1.62E-15,16.1553,2.34E-07,55.1354,74.1968,51.8908,74.3476,47.1976,75.2539,43.9701,76.212,54.1919,74.7777,48.1255,76.8291,42.3268,79.3907,38.9695,81.3072
5700,2.33E-15,1.81E-15,1.96E-15,1.90E-15,1.72E-15,9.00E-16,0.724148,10.3029,18.1271,34.2827,48.7098,57.613,-3.59E-06,6.63E-08,6.63E-08,1.56E-07,2.80E-07,3.24E-07,2.43E-15,1.82E-15,1.92E-15,1.76E-15,1.54E-15,7.98E-16,5.31058,11.3138,13.3435,15.4197,16.4374,17.9853,-3.61E-06,6.58E-08,6.63E-08,1.56E-07,2.80E-07,3.26E-07,337.834,346.355,356.146,383.302,428.481,519.332,337.911,346.395,356.054,382.915,428.082,519.194,1.75E-15,5.7827,6.42E-08,342.501,1.79E-15,9.5854,6.31E-08,342.581,1.80E-15,44.0797,2.34E-07,1.62E-15,16.1553,2.34E-07,55.1354,74.1968,51.8908,74.3476,47.1976,75.2539,43.9702,76.212,54.1919,74.7777,48.1255,76.8291,42.3268,79.3907,38.9696,81.3072
5800,2.33E-15,1.81E-15,1.96E-15,1.90E-15,1.72E-15,8.99E-16,0.724148,10.3029,18.1271,34.2827,48.71,57.7397,-3.59E-06,6.64E-08,6.63E-08,1.56E-07,2.80E-07,3.23E-07,2.43E-15,1.82E-15,1.92E-15,1.76E-15,1.54E-15,7.97E-16,5.30886,11.3182,13.3435,15.4197,16.4374,17.9432,-3.61E-06,6.58E-08,6.63E-08,1.56E-07,2.80E-07,3.25E-07,337.836,346.352,356.145,383.303,428.49,519.35,337.913,346.392,356.055,382.923,428.101,519.221,1.75E-15,5.78267,6.42E-08,342.501,1.79E-15,9.58259,6.31E-08,342.58,1.80E-15,44.0798,2.34E-07,1.62E-15,16.1553,2.34E-07,55.1354,74.1968,51.8908,74.3476,47.1976,75.2539,43.9703,76.2119,54.1919,74.7777,48.1255,76.8291,42.3268,79.3907,38.9696,81.3072
5900,2.33E-15,1.81E-15,1.96E-15,1.90E-15,1.72E-15,8.98E-16,0.724148,10.303,18.1271,34.2827,48.7102,57.86,-3.59E-06,6.64E-08,6.63E-08,1.56E-07,2.80E-07,3.23E-07,2.43E-15,1.82E-15,1.92E-15,1.76E-15,1.54E-15,7.95E-16,5.30726,11.3224,13.3435,15.4197,16.4374,17.9015,-3.61E-06,6.58E-08,6.63E-08,1.56E-07,2.80E-07,3.25E-07,337.838,346.35,356.144,383.304,428.499,519.367,337.914,346.389,356.056,382.931,428.12,519.246,1.75E-15,5.78265,6.42E-08,342.501,1.79E-15,9.57989,6.31E-08,342.579,1.80E-15,44.0798,2.34E-07,1.62E-15,16.1553,2.34E-07,55.1354,74.1968,51.8908,74.3476,47.1976,75.2539,43.9704,76.2119,54.1919,74.7777,48.1255,76.8291,42.3268,79.3907,38.9696,81.3072
6000,2.33E-15,1.81E-15,1.96E-15,1.90E-15,1.72E-15,8.97E-16,0.724148,10.303,18.1271,34.2827,48.7103,57.9741,-3.59E-06,6.64E-08,6.63E-08,1.56E-07,2.80E-07,3.23E-07,2.43E-15,1.82E-15,1.92E-15,1.76E-15,1.54E-15,7.94E-16,5.30578,11.3265,13.3435,15.4197,16.4374,17.8603,-3.61E-06,6.59E-08,6.63E-08,1.56E-07,2.80E-07,3.25E-07,337.84,346.347,356.144,383.304,428.508,519.384,337.915,346.386,356.057,382.939,428.138,519.269,1.75E-15,5.78262,6.43E-08,342.501,1.79E-15,9.57732,6.32E-08,342.578,1.80E-15,44.0798,2.34E-07,1.62E-15,16.1553,2.34E-07,55.1354,74.1968,51.8908,74.3477,47.1976,75.2539,43.9704,76.2119,54.1919,74.7777,48.1255,76.8291,42.3268,79.3907,38.9696,81.3072
6100,2.32E-15,1.81E-15,1.96E-15,1.90E-15,1.72E-15,8.96E-16,0.724147,10.303,18.1271,34.2827,48.7104,58.0825,-3.59E-06,6.65E-08,6.63E-08,1.56E-07,2.80E-07,3.23E-07,2.43E-15,1.82E-15,1.92E-15,1.76E-15,1.54E-15,7.93E-16,5.30441,11.3305,13.3435,15.4197,16.4374,17.8196,-3.61E-06,6.59E-08,6.63E-08,1.56E-07,2.80E-07,3.24E-07,337.841,346.344,356.143,383.305,428.516,519.4,337.916,346.383,356.057,382.946,428.156,519.292,1.75E-15,5.7826,6.43E-08,342.5,1.79E-15,9.57486,6.32E-08,342.576,1.80E-15,44.0798,2.34E-07,1.62E-15,16.1553,2.34E-07,55.1354,74.1968,51.8908,74.3477,47.1976,75.2539,43.9704,76.2118,54.1919,74.7777,48.1255,76.8291,42.3268,79.3907,38.9696,81.3072
6200,2.32E-15,1.81E-15,1.96E-15,1.90E-15,1.72E-15,8.95E-16,0.724147,10.3031,18.1271,34.2827,48.7105,58.1853,-3.59E-06,6.65E-08,6.63E-08,1.56E-07,2.80E-07,3.23E-07,2.42E-15,1.82E-15,1.92E-15,1.76E-15,1.54E-15,7.92E-16,5.30314,11.3343,13.3435,15.4197,16.4374,17.7794,-3.61E-06,6.60E-08,6.63E-08,1.56E-07,2.80E-07,3.24E-07,337.843,346.342,356.142,383.306,428.524,519.414,337.917,346.38,356.058,382.954,428.173,519.313,1.75E-15,5.78258,6.43E-08,342.5,1.79E-15,9.5725,6.32E-08,342.575,1.80E-15,44.0799,2.34E-07,1.62E-15,16.1553,2.34E-07,55.1354,74.1968,51.8908,74.3477,47.1976,75.2539,43.9704,76.2118,54.1919,74.7777,48.1255,76.8291,42.3268,79.3907,38.9696,81.3072
6300,2.32E-15,1.81E-15,1.96E-15,1.90E-15,1.72E-15,8.94E-16,0.724147,10.3031,18.1271,34.2827,48.7106,58.2827,-3.59E-06,6.66E-08,6.63E-08,1.56E-07,2.80E-07,3.22E-07,2.42E-15,1.82E-15,1.92E-15,1.76E-15,1.54E-15,7.90E-16,5.30196,11.338,13.3435,15.4197,16.4374,17.7399,-3.61E-06,6.60E-08,6.63E-08,1.56E-07,2.80E-07,3.24E-07,337.844,346.339,356.142,383.307,428.532,519.429,337.918,346.377,356.059,382.961,428.19,519.334,1.75E-15,5.78255,6.43E-08,342.5,1.79E-15,9.57025,6.32E-08,342.574,1.80E-15,44.0799,2.34E-07,1.62E-15,16.1553,2.34E-07,55.1354,74.1968,51.8908,74.3477,47.1976,75.2539,43.9705,76.2118,54.1919,74.7777,48.1255,76.8291,42.3268,79.3907,38.9696,81.3072
6400,2.32E-15,1.81E-15,1.96E-15,1.90E-15,1.72E-15,8.94E-16,0.724147,10.3031,18.1271,34.2827,48.7107,58.3752,-3.59E-06,6.66E-08,6.63E-08,1.56E-07,2.80E-07,3.22E-07,2.42E-15,1.82E-15,1.92E-15,1.76E-15,1.54E-15,7.89E-16,5.30087,11.3415,13.3435,15.4197,16.4374,17.701,-3.61E-06,6.61E-08,6.63E-08,1.56E-07,2.80E-07,3.23E-07,337.846,346.337,356.141,383.308,428.539,519.442,337.918,346.374,356.059,382.968,428.207,519.353,1.75E-15,5.78253,6.43E-08,342.5,1.79E-15,9.5681,6.32E-08,342.573,1.80E-15,44.0799,2.34E-07,1.62E-15,16.1553,2.34E-07,55.1354,74.1968,51.8908,74.3477,47.1976,75.2539,43.9705,76.2118,54.1919,74.7777,48.1255,76.8291,42.3268,79.3907,38.9696,81.3072
6500,2.32E-15,1.81E-15,1.96E-15,1.90E-15,1.72E-15,8.93E-16,0.724147,10.3032,18.1271,34.2827,48.7107,58.4629,-3.59E-06,6.66E-08,6.63E-08,1.56E-07,2.80E-07,3.22E-07,2.42E-15,1.82E-15,1.92E-15,1.76E-15,1.54E-15,7.88E-16,5.29986,11.345,13.3435,15.4197,16.4374,17.6628,-3.61E-06,6.61E-08,6.63E-08,1.56E-07,2.80E-07,3.23E-07,337.847,346.334,356.14,383.309,428.546,519.455,337.919,346.371,356.06,382.975,428.223,519.372,1.75E-15,5.78251,6.43E-08,342.499,1.79E-15,9.56605,6.32E-08,342.572,1.80E-15,44.0799,2.34E-07,1.62E-15,16.1553,2.34E-07,55.1354,74.1968,51.8908,74.3477,47.1976,75.2539,43.9705,76.2118,54.1919,74.7777,48.1255,76.8291,42.3268,79.3907,38.9696,81.3072
6600,2.32E-15,1.82E-15,1.96E-15,1.90E-15,1.72E-15,8.92E-16,0.724146,10.3032,18.1271,34.2827,48.7108,58.5459,-3.59E-06,6.67E-08,6.63E-08,1.56E-07,2.80E-07,3.22E-07,2.42E-15,1.83E-15,1.92E-15,1.76E-15,1.54E-15,7.87E-16,5.29891,11.3483,13.3435,15.4197,16.4374,17.6254,-3.61E-06,6.61E-08,6.63E-08,1.56E-07,2.80E-07,3.23E-07,337.848,346.332,356.14,383.309,428.553,519.468,337.92,346.369,356.06,382.982,428.239,519.389,1.75E-15,5.78249,6.43E-08,342.499,1.79E-15,9.56408,6.32E-08,342.571,1.80E-15,44.0799,2.34E-07,1.62E-15,16.1553,2.34E-07,55.1354,74.1968,51.8908,74.3477,47.1976,75.2539,43.9705,76.2117,54.1919,74.7777,48.1255,76.8291,42.3268,79.3907,38.9696,81.3072
6700,2.32E-15,1.82E-15,1.96E-15,1.90E-15,1.72E-15,8.91E-16,0.724146,10.3032,18.1271,34.2827,48.7108,58.6247,-3.59E-06,6.67E-08,6.63E-08,1.56E-07,2.80E-07,3.22E-07,2.42E-15,1.83E-15,1.92E-15,1.76E-15,1.54E-15,7.86E-16,5.29803,11.3515,13.3435,15.4197,16.4374,17.5887,-3.61E-06,6.62E-08,6.63E-08,1.56E-07,2.80E-07,3.23E-07,337.85,346.329,356.139,383.31,428.56,519.479,337.92,346.366,356.061,382.988,428.254,519.406,1.75E-15,5.78247,6.43E-08,342.499,1.79E-15,9.56221,6.33E-08,342.57,1.80E-15,44.0799,2.34E-07,1.62E-15,16.1553,2.34E-07,55.1354,74.1968,51.8908,74.3477,47.1977,75.2539,43.9705,76.2117,54.1919,74.7777,48.1255,76.8291,42.3268,79.3907,38.9696,81.3072
6800,2.32E-15,1.82E-15,1.96E-15,1.90E-15,1.72E-15,8.91E-16,0.724146,10.3033,18.1271,34.2827,48.7109,58.6993,-3.59E-06,6.67E-08,6.63E-08,1.56E-07,2.80E-07,3.21E-07,2.42E-15,1.83E-15,1.92E-15,1.76E-15,1.54E-15,7.86E-16,5.29722,11.3546,13.3435,15.4197,16.4374,17.5528,-3.61E-06,6.62E-08,6.63E-08,1.56E-07,2.80E-07,3.22E-07,337.851,346.327,356.139,383.311,428.567,519.49,337.921,346.363,356.061,382.995,428.269,519.422,1.75E-15,5.78245,6.43E-08,342.498,1.79E-15,9.56041,6.33E-08,342.569,1.80E-15,44.0799,2.34E-07,1.62E-15,16.1553,2.34E-07,55.1354,74.1968,51.8908,74.3477,47.1977,75.2539,43.9705,76.2117,54.1919,74.7777,48.1255,76.8291,42.3268,79.3907,38.9696,81.3072
6900,2.32E-15,1.82E-15,1.96E-15,1.90E-15,1.72E-15,8.90E-16,0.724146,10.3033,18.1271,34.2827,48.7109,58.77,-3.59E-06,6.68E-08,6.63E-08,1.56E-07,2.80E-07,3.21E-07,2.42E-15,1.83E-15,1.92E-15,1.76E-15,1.54E-15,7.85E-16,5.29645,11.3576,13.3435,15.4197,16.4374,17.5178,-3.61E-06,6.63E-08,6.63E-08,1.56E-07,2.80E-07,3.22E-07,337.852,346.325,356.138,383.311,428.573,519.501,337.921,346.36,356.062,383.001,428.283,519.437,1.75E-15,5.78243,6.43E-08,342.498,1.79E-15,9.55869,6.33E-08,342.568,1.80E-15,44.0799,2.34E-07,1.62E-15,16.1553,2.34E-07,55.1354,74.1968,51.8908,74.3477,47.1977,75.2539,43.9705,76.2117,54.1919,74.7777,48.1255,76.8291,42.3268,79.3907,38.9696,81.3072
7000,2.32E-15,1.82E-15,1.96E-15,1.90E-15,1.72E-15,8.89E-16,0.724146,10.3033,18.1271,34.2827,48.7109,58.8369,-3.59E-06,6.68E-08,6.63E-08,1.56E-07,2.80E-07,3.21E-07,2.42E-15,1.83E-15,1.92E-15,1.76E-15,1.54E-15,7.84E-16,5.29574,11.3605,13.3435,15.4197,16.4374,17.4836,-3.61E-06,6.63E-08,6.63E-08,1.56E-07,2.80E-07,3.22E-07,337.853,346.322,356.137,383.312,428.58,519.511,337.921,346.358,356.062,383.008,428.298,519.451,1.75E-15,5.78242,6.43E-08,342.498,1.79E-15,9.55705,6.33E-08,342.567,1.80E-15,44.0799,2.34E-07,1.62E-15,16.1553,2.34E-07,55.1354,74.1968,51.8908,74.3477,47.1977,75.2539,43.9706,76.2117,54.1919,74.7777,48.1255,76.8291,42.3268,79.3907,38.9696,81.3072
7100,2.32E-15,1.82E-15,1.96E-15,1.90E-15,1.72E-15,8.89E-16,0.724146,10.3033,18.1271,34.2827,48.7109,58.9003,-3.59E-06,6.68E-08,6.63E-08,1.56E-07,2.80E-07,3.21E-07,2.42E-15,1.83E-15,1.92E-15,1.76E-15,1.54E-15,7.83E-16,5.29507,11.3633,13.3435,15.4197,16.4374,17.4502,-3.61E-06,6.63E-08,6.63E-08,1.56E-07,2.80E-07,3.22E-07,337.854,346.32,356.137,383.313,428.586,519.521,337.922,346.355,356.063,383.014,428.311,519.464,1.75E-15,5.7824,6.43E-08,342.497,1.79E-15,9.55548,6.33E-08,342.566,1.80E-15,44.0799,2.34E-07,1.62E-15,16.1553,2.34E-07,55.1354,74.1968,51.8908,74.3477,47.1977,75.2539,43.9706,76.2117,54.1919,74.7777,48.1255,76.8291,42.3268,79.3907,38.9696,81.3072
7200,2.32E-15,1.82E-15,1.96E-15,1.90E-15,1.72E-15,8.88E-16,0.724145,10.3034,18.1271,34.2827,48.7109,58.9603,-3.59E-06,6.69E-08,6.63E-08,1.56E-07,2.80E-07,3.21E-07,2.42E-15,1.83E-15,1.92E-15,1.76E-15,1.54E-15,7.82E-16,5.29445,11.366,13.3435,15.4197,16.4374,17.4176,-3.61E-06,6.64E-08,6.63E-08,1.56E-07,2.80E-07,3.22E-07,337.855,346.318,356.136,383.313,428.592,519.53,337.922,346.352,356.063,383.02,428.325,519.477,1.75E-15,5.78238,6.43E-08,342.497,1.79E-15,9.55398,6.33E-08,342.565,1.80E-15,44.0799,2.34E-07,1.62E-15,16.1553,2.34E-07,55.1354,74.1968,51.8908,74.3477,47.1977,75.2539,43.9706,76.2117,54.1919,74.7777,48.1255,76.8291,42.3268,79.3907,38.9696,81.3071
7300,2.32E-15,1.82E-15,1.96E-15,1.90E-15,1.72E-15,8.88E-16,0.724145,10.3034,18.1271,34.2827,48.711,59.017,-3.59E-06,6.69E-08,6.63E-08,1.56E-07,2.80E-07,3.21E-07,2.42E-15,1.83E-15,1.92E-15,1.76E-15,1.54E-15,7.82E-16,5.29387,11.3686,13.3435,15.4197,16.4374,17.386,-3.61E-06,6.64E-08,6.63E-08,1.56E-07,2.80E-07,3.21E-07,337.856,346.315,356.136,383.314,428.597,519.539,337.922,346.35,356.064,383.026,428.338,519.489,1.75E-15,5.78237,6.43E-08,342.496,1.79E-15,9.55255,6.34E-08,342.564,1.80E-15,44.0799,2.34E-07,1.62E-15,16.1553,2.34E-07,55.1354,74.1968,51.8908,74.3477,47.1977,75.2539,43.9706,76.2117,54.1919,74.7777,48.1255,76.8291,42.3268,79.3907,38.9696,81.3071
7400,2.31E-15,1.82E-15,1.96E-15,1.90E-15,1.72E-15,8.87E-16,0.724145,10.3034,18.1271,34.2827,48.711,59.0707,-3.59E-06,6.69E-08,6.63E-08,1.56E-07,2.80E-07,3.21E-07,2.42E-15,1.83E-15,1.92E-15,1.76E-15,1.54E-15,7.81E-16,5.29333,11.3711,13.3435,15.4197,16.4374,17.3552,-3.61E-06,6.64E-08,6.63E-08,1.56E-07,2.80E-07,3.21E-07,337.857,346.313,356.135,383.315,428.603,519.547,337.923,346.347,356.064,383.032,428.351,519.501,1.75E-15,5.78235,6.43E-08,342.496,1.79E-15,9.55118,6.34E-08,342.563,1.80E-15,44.0799,2.34E-07,1.62E-15,16.1553,2.34E-07,55.1354,74.1968,51.8908,74.3477,47.1977,75.2539,43.9706,76.2117,54.1919,74.7777,48.1255,76.8291,42.3268,79.3907,38.9696,81.3071
7500,2.31E-15,1.82E-15,1.96E-15,1.90E-15,1.72E-15,8.87E-16,0.724145,10.3034,18.1271,34.2827,48.711,59.1215,-3.59E-06,6.70E-08,6.63E-08,1.56E-07,2.80E-07,3.21E-07,2.42E-15,1.83E-15,1.92E-15,1.76E-15,1.54E-15,7.80E-16,5.29281,11.3736,13.3435,15.4197,16.4374,17.3252,-3.61E-06,6.65E-08,6.63E-08,1.56E-07,2.80E-07,3.21E-07,337.858,346.311,356.135,383.315,428.608,519.555,337.923,346.345,356.065,383.037,428.364,519.512,1.75E-15,5.78234,6.43E-08,342.496,1.79E-15,9.54987,6.34E-08,342.562,1.80E-15,44.0799,2.34E-07,1.62E-15,16.1553,2.34E-07,55.1354,74.1968,51.8908,74.3477,47.1977,75.2539,43.9706,76.2117,54.1919,74.7777,48.1255,76.8291,42.3268,79.3907,38.9696,81.3071
7600,2.31E-15,1.82E-15,1.96E-15,1.90E-15,1.72E-15,8.86E-16,0.724145,10.3035,18.1271,34.2827,48.711,59.1695,-3.59E-06,6.70E-08,6.63E-08,1.56E-07,2.80E-07,3.20E-07,2.42E-15,1.83E-15,1.92E-15,1.76E-15,1.54E-15,7.80E-16,5.29233,11.376,13.3435,15.4197,16.4374,17.2961,-3.61E-06,6.65E-08,6.63E-08,1.56E-07,2.80E-07,3.21E-07,337.859,346.309,356.134,383.316,428.614,519.562,337.923,346.342,356.065,383.043,428.376,519.522,1.75E-15,5.78232,6.43E-08,342.495,1.79E-15,9.54861,6.34E-08,342.561,1.80E-15,44.0799,2.34E-07,1.62E-15,16.1553,2.34E-07,55.1354,74.1968,51.8908,74.3477,47.1977,75.2539,43.9706,76.2117,54.1919,74.7777,48.1255,76.8291,42.3268,79.3907,38.9696,81.3071
7700,2.31E-15,1.82E-15,1.96E-15,1.90E-15,1.72E-15,8.86E-16,0.724145,10.3035,18.1271,34.2827,48.711,59.2149,-3.59E-06,6.70E-08,6.63E-08,1.56E-07,2.80E-07,3.20E-07,2.42E-15,1.83E-15,1.92E-15,1.76E-15,1.54E-15,7.79E-16,5.29188,11.3782,13.3435,15.4197,16.4374,17.2679,-3.61E-06,6.65E-08,6.63E-08,1.56E-07,2.80E-07,3.21E-07,337.86,346.307,356.134,383.316,428.619,519.57,337.923,346.34,356.066,383.048,428.388,519.532,1.75E-15,5.78231,6.43E-08,342.495,1.79E-15,9.54741,6.34E-08,342.56,1.80E-15,44.0799,2.34E-07,1.62E-15,16.1553,2.34E-07,55.1354,74.1968,51.8908,74.3477,47.1977,75.2539,43.9706,76.2117,54.1919,74.7777,48.1255,76.8291,42.3268,79.3907,38.9696,81.3071
7800,2.31E-15,1.82E-15,1.96E-15,1.90E-15,1.72E-15,8.85E-16,0.724145,10.3035,18.1271,34.2827,48.711,59.2578,-3.59E-06,6.71E-08,6.63E-08,1.56E-07,2.80E-07,3.20E-07,2.42E-15,1.83E-15,1.92E-15,1.76E-15,1.54E-15,7.79E-16,5.29145,11.3805,13.3435,15.4197,16.4374,17.2405,-3.61E-06,6.66E-08,6.63E-08,1.56E-07,2.80E-07,3.21E-07,337.861,346.305,356.133,383.317,428.624,519.577,337.923,346.338,356.066,383.054,428.399,519.541,1.75E-15,5.78229,6.43E-08,342.495,1.79E-15,9.54627,6.34E-08,342.558,1.80E-15,44.0799,2.34E-07,1.62E-15,16.1553,2.34E-07,55.1354,74.1968,51.8908,74.3477,47.1977,75.2539,43.9706,76.2117,54.192,74.7777,48.1255,76.8291,42.3268,79.3907,38.9696,81.3071
7900,2.31E-15,1.82E-15,1.96E-15,1.90E-15,1.72E-15,8.85E-16,0.724144,10.3035,18.1271,34.2827,48.711,59.2984,-3.59E-06,6.71E-08,6.63E-08,1.56E-07,2.80E-07,3.20E-07,2.42E-15,1.83E-15,1.92E-15,1.76E-15,1.54E-15,7.78E-16,5.29104,11.3826,13.3435,15.4197,16.4374,17.214,-3.61E-06,6.66E-08,6.63E-08,1.56E-07,2.80E-07,3.21E-07,337.861,346.303,356.133,383.317,428.629,519.583,337.923,346.335,356.066,383.059,428.41,519.55,1.75E-15,5.78228,6.43E-08,342.494,1.79E-15,9.54517,6.34E-08,342.557,1.80E-15,44.0799,2.34E-07,1.62E-15,16.1553,2.34E-07,55.1354,74.1968,51.8908,74.3477,47.1977,75.2539,43.9706,76.2117,54.192,74.7777,48.1255,76.8291,42.3268,79.3907,38.9696,81.3071
8000,2.31E-15,1.82E-15,1.96E-15,1.90E-15,1.72E-15,8.84E-16,0.724144,10.3036,18.1271,34.2827,48.711,59.3366,-3.59E-06,6.71E-08,6.63E-08,1.56E-07,2.80E-07,3.20E-07,2.42E-15,1.84E-15,1.92E-15,1.76E-15,1.54E-15,7.78E-16,5.29066,11.3847,13.3435,15.4197,16.4374,17.1883,-3.61E-06,6.66E-08,6.63E-08,1.56E-07,2.80E-07,3.20E-07,337.862,346.3,356.132,383.318,428.633,519.589,337.923,346.333,356.067,383.064,428.421,519.558,1.75E-15,5.78226,6.43E-08,342.494,1.79E-15,9.54412,6.35E-08,342.556,1.80E-15,44.0799,2.34E-07,1.62E-15,16.1553,2.34E-07,55.1354,74.1968,51.8908,74.3477,47.1977,75.2538,43.9706,76.2117,54.192,74.7777,48.1255,76.8291,42.3268,79.3907,38.9696,81.3071
8100,2.31E-15,1.82E-15,1.96E-15,1.90E-15,1.72E-15,8.84E-16,0.724144,10.3036,18.1271,34.2827,48.711,59.3728,-3.59E-06,6.71E-08,6.63E-08,1.56E-07,2.80E-07,3.20E-07,2.42E-15,1.84E-15,1.92E-15,1.76E-15,1.54E-15,7.77E-16,5.2903,11.3867,13.3435,15.4197,16.4374,17.1634,-3.61E-06,6.67E-08,6.63E-08,1.56E-07,2.80E-07,3.20E-07,337.863,346.298,356.132,383.318,428.638,519.595,337.923,346.33,356.067,383.07,428.432,519.566,1.75E-15,5.78225,6.44E-08,342.494,1.79E-15,9.54312,6.35E-08,342.555,1.80E-15,44.0799,2.34E-07,1.62E-15,16.1553,2.34E-07,55.1354,74.1968,51.8908,74.3477,47.1977,75.2538,43.9706,76.2117,54.192,74.7777,48.1255,76.8291,42.3268,79.3907,38.9696,81.3071
8200,2.31E-15,1.83E-15,1.96E-15,1.90E-15,1.72E-15,8.84E-16,0.724144,10.3036,18.1271,34.2827,48.711,59.4069,-3.59E-06,6.72E-08,6.63E-08,1.56E-07,2.80E-07,3.20E-07,2.42E-15,1.84E-15,1.92E-15,1.76E-15,1.54E-15,7.77E-16,5.28996,11.3886,13.3435,15.4197,16.4374,17.1393,-3.61E-06,6.67E-08,6.63E-08,1.56E-07,2.80E-07,3.20E-07,337.864,346.296,356.131,383.319,428.642,519.601,337.923,346.328,356.067,383.075,428.443,519.574,1.75E-15,5.78224,6.44E-08,342.493,1.79E-15,9.54215,6.35E-08,342.554,1.80E-15,44.0799,2.34E-07,1.62E-15,16.1553,2.34E-07,55.1354,74.1968,51.8908,74.3477,47.1977,75.2538,43.9705,76.2117,54.192,74.7777,48.1255,76.8291,42.3268,79.3907,38.9696,81.3071
8300,2.31E-15,1.83E-15,1.96E-15,1.90E-15,1.72E-15,8.83E-16,0.724144,10.3036,18.1271,34.2827,48.711,59.439,-3.59E-06,6.72E-08,6.63E-08,1.56E-07,2.80E-07,3.20E-07,2.42E-15,1.84E-15,1.92E-15,1.76E-15,1.54E-15,7.76E-16,5.28963,11.3905,13.3435,15.4197,16.4374,17.1161,-3.61E-06,6.67E-08,6.63E-08,1.56E-07,2.80E-07,3.20E-07,337.864,346.294,356.131,383.319,428.647,519.606,337.923,346.326,356.068,383.08,428.453,519.581,1.75E-15,5.78222,6.44E-08,342.493,1.79E-15,9.54123,6.35E-08,342.553,1.80E-15,44.0799,2.34E-07,1.62E-15,16.1553,2.34E-07,55.1354,74.1968,51.8908,74.3477,47.1977,75.2538,43.9705,76.2117,54.192,74.7777,48.1255,76.8291,42.3268,79.3907,38.9696,81.3071
8400,2.31E-15,1.83E-15,1.96E-15,1.90E-15,1.72E-15,8.83E-16,0.724144,10.3036,18.1271,34.2827,48.711,59.4694,-3.59E-06,6.72E-08,6.63E-08,1.56E-07,2.80E-07,3.20E-07,2.42E-15,1.84E-15,1.92E-15,1.76E-15,1.54E-15,7.76E-16,5.28931,11.3923,13.3435,15.4197,16.4374,17.0936,-3.61E-06,6.68E-08,6.63E-08,1.56E-07,2.80E-07,3.20E-07,337.865,346.292,356.13,383.32,428.651,519.611,337.923,346.324,356.068,383.084,428.463,519.588,1.75E-15,5.78221,6.44E-08,342.492,1.80E-15,9.54036,6.35E-08,342.552,1.80E-15,44.0799,2.34E-07,1.62E-15,16.1553,2.34E-07,55.1354,74.1968,51.8908,74.3477,47.1977,75.2538,43.9705,76.2117,54.192,74.7777,48.1255,76.8291,42.3268,79.3907,38.9696,81.3071
8500,2.31E-15,1.83E-15,1.96E-15,1.90E-15,1.72E-15,8.83E-16,0.724144,10.3037,18.1271,34.2827,48.711,59.498,-3.59E-06,6.73E-08,6.63E-08,1.56E-07,2.80E-07,3.20E-07,2.41E-15,1.84E-15,1.92E-15,1.76E-15,1.54E-15,7.76E-16,5.28901,11.3941,13.3435,15.4197,16.4374,17.0718,-3.61E-06,6.68E-08,6.63E-08,1.56E-07,2.80E-07,3.20E-07,337.866,346.291,356.13,383.32,428.655,519.616,337.923,346.321,356.068,383.089,428.472,519.595,1.75E-15,5.7822,6.44E-08,342.492,1.80E-15,9.53951,6.35E-08,342.551,1.80E-15,44.0799,2.34E-07,1.62E-15,16.1553,2.34E-07,55.1354,74.1968,51.8908,74.3477,47.1977,75.2538,43.9705,76.2117,54.192,74.7777,48.1255,76.8291,42.3268,79.3907,38.9696,81.3071
8600,2.31E-15,1.83E-15,1.96E-15,1.90E-15,1.72E-15,8.82E-16,0.724144,10.3037,18.1271,34.2827,48.711,59.5249,-3.59E-06,6.73E-08,6.63E-08,1.56E-07,2.80E-07,3.20E-07,2.41E-15,1.84E-15,1.92E-15,1.76E-15,1.54E-15,7.75E-16,5.28873,11.3958,13.3435,15.4197,16.4374,17.0508,-3.61E-06,6.68E-08,6.63E-08,1.56E-07,2.80E-07,3.20E-07,337.866,346.289,356.129,383.321,428.659,519.621,337.923,346.319,356.069,383.094,428.482,519.601,1.75E-15,5.78219,6.44E-08,342.492,1.80E-15,9.53871,6.35E-08,342.55,1.80E-15,44.0799,2.34E-07,1.62E-15,16.1553,2.34E-07,55.1354,74.1968,51.8908,74.3477,47.1977,75.2538,43.9705,76.2117,54.192,74.7777,48.1255,76.8291,42.3268,79.3907,38.9696,81.3071
8700,2.31E-15,1.83E-15,1.96E-15,1.90E-15,1.72E-15,8.82E-16,0.724143,10.3037,18.1271,34.2827,48.711,59.5503,-3.59E-06,6.73E-08,6.63E-08,1.56E-07,2.80E-07,3.20E-07,2.41E-15,1.84E-15,1.92E-15,1.76E-15,1.54E-15,7.75E-16,5.28846,11.3974,13.3435,15.4197,16.4374,17.0306,-3.61E-06,6.69E-08,6.63E-08,1.56E-07,2.80E-07,3.20E-07,337.867,346.287,356.129,383.321,428.663,519.625,337.923,346.317,356.069,383.099,428.491,519.607,1.75E-15,5.78217,6.44E-08,342.491,1.80E-15,9.53794,6.36E-08,342.55,1.80E-15,44.0799,2.34E-07,1.62E-15,16.1553,2.34E-07,55.1354,74.1968,51.8908,74.3477,47.1977,75.2538,43.9705,76.2117,54.192,74.7777,48.1255,76.8291,42.3268,79.3907,38.9696,81.3071
8800,2.31E-15,1.83E-15,1.96E-15,1.90E-15,1.72E-15,8.82E-16,0.724143,10.3037,18.1271,34.2827,48.711,59.5741,-3.59E-06,6.73E-08,6.63E-08,1.56E-07,2.80E-07,3.19E-07,2.41E-15,1.84E-15,1.92E-15,1.76E-15,1.54E-15,7.75E-16,5.2882,11.399,13.3435,15.4197,16.4374,17.011,-3.61E-06,6.69E-08,6.63E-08,1.56E-07,2.80E-07,3.20E-07,337.868,346.285,356.129,383.322,428.667,519.63,337.923,346.315,356.069,383.103,428.5,519.612,1.75E-15,5.78216,6.44E-08,342.491,1.80E-15,9.5372,6.36E-08,342.549,1.80E-15,44.0799,2.34E-07,1.62E-15,16.1553,2.34E-07,55.1354,74.1968,51.8908,74.3477,47.1977,75.2538,43.9705,76.2117,54.192,74.7777,48.1255,76.8291,42.3268,79.3907,38.9696,81.3071
8900,2.31E-15,1.83E-15,1.96E-15,1.90E-15,1.72E-15,8.82E-16,0.724143,10.3037,18.1271,34.2827,48.711,59.5966,-3.59E-06,6.74E-08,6.63E-08,1.56E-07,2.80E-07,3.19E-07,2.41E-15,1.84E-15,1.92E-15,1.76E-15,1.54E-15,7.74E-16,5.28795,11.4006,13.3435,15.4197,16.4374,16.9922,-3.61E-06,6.69E-08,6.63E-08,1.56E-07,2.80E-07,3.20E-07,337.868,346.283,356.128,383.322,428.671,519.634,337.923,346.313,356.07,383.108,428.509,519.618,1.75E-15,5.78215,6.44E-08,342.491,1.80E-15,9.5365,6.36E-08,342.548,1.80E-15,44.0799,2.34E-07,1.62E-15,16.1553,2.34E-07,55.1354,74.1968,51.8908,74.3477,47.1977,75.2538,43.9705,76.2117,54.192,74.7777,48.1255,76.8291,42.3268,79.3907,38.9696,81.3071
9000,2.31E-15,1.83E-15,1.96E-15,1.90E-15,1.72E-15,8.81E-16,0.724143,10.3037,18.1271,34.2827,48.711,59.6178,-3.59E-06,6.74E-08,6.63E-08,1.56E-07,2.80E-07,3.19E-07,2.41E-15,1.84E-15,1.92E-15,1.76E-15,1.54E-15,7.74E-16,5.2877,11.4021,13.3435,15.4197,16.4374,16.974,-3.61E-06,6.70E-08,6.63E-08,1.56E-07,2.80E-07,3.20E-07,337.869,346.281,356.128,383.323,428.674,519.638,337.923,346.311,356.07,383.112,428.517,519.623,1.75E-15,5.78214,6.44E-08,342.49,1.80E-15,9.53582,6.36E-08,342.547,1.80E-15,44.0799,2.34E-07,1.62E-15,16.1553,2.34E-07,55.1354,74.1968,51.8908,74.3477,47.1977,75.2538,43.9705,76.2118,54.192,74.7776,48.1255,76.8291,42.3268,79.3907,38.9696,81.3071
9100,2.31E-15,1.83E-15,1.96E-15,1.90E-15,1.72E-15,8.81E-16,0.724143,10.3038,18.1271,34.2827,48.711,59.6376,-3.59E-06,6.74E-08,6.63E-08,1.56E-07,2.80E-07,3.19E-07,2.41E-15,1.84E-15,1.92E-15,1.76E-15,1.54E-15,7.74E-16,5.28747,11.4035,13.3435,15.4197,16.4374,16.9565,-3.61E-06,6.70E-08,6.63E-08,1.56E-07,2.80E-07,3.19E-07,337.869,346.279,356.127,383.323,428.678,519.641,337.923,346.309,356.07,383.116,428.525,519.627,1.75E-15,5.78213,6.44E-08,342.49,1.80E-15,9.53517,6.36E-08,342.546,1.80E-15,44.0799,2.34E-07,1.62E-15,16.1553,2.34E-07,55.1354,74.1968,51.8908,74.3477,47.1977,75.2538,43.9705,76.2118,54.192,74.7776,48.1255,76.8291,42.3268,79.3907,38.9696,81.3071
9200,2.30E-15,1.83E-15,1.96E-15,1.90E-15,1.72E-15,8.81E-16,0.724143,10.3038,18.1271,34.2827,48.711,59.6563,-3.59E-06,6.74E-08,6.63E-08,1.56E-07,2.80E-07,3.19E-07,2.41E-15,1.84E-15,1.92E-15,1.76E-15,1.54E-15,7.73E-16,5.28725,11.405,13.3435,15.4197,16.4374,16.9396,-3.61E-06,6.70E-08,6.63E-08,1.56E-07,2.80E-07,3.19E-07,337.87,346.278,356.127,383.324,428.681,519.645,337.923,346.307,356.071,383.121,428.533,519.632,1.75E-15,5.78212,6.44E-08,342.489,1.80E-15,9.53455,6.36E-08,342.545,1.80E-15,44.0799,2.34E-07,1.62E-15,16.1553,2.34E-07,55.1354,74.1968,51.8908,74.3477,47.1977,75.2538,43.9705,76.2118,54.192,74.7776,48.1255,76.8291,42.3268,79.3907,38.9696,81.3071
9300,2.30E-15,1.83E-15,1.96E-15,1.90E-15,1.72E-15,8.81E-16,0.724143,10.3038,18.1271,34.2827,48.711,59.6738,-3.59E-06,6.75E-08,6.63E-08,1.56E-07,2.80E-07,3.19E-07,2.41E-15,1.84E-15,1.92E-15,1.76E-15,1.54E-15,7.73E-16,5.28704,11.4063,13.3435,15.4197,16.4374,16.9234,-3.61E-06,6.71E-08,6.63E-08,1.56E-07,2.80E-07,3.19E-07,337.87,346.276,356.126,383.324,428.684,519.648,337.923,346.305,356.071,383.125,428.541,519.636,1.75E-15,5.78211,6.44E-08,342.489,1.80E-15,9.53396,6.36E-08,342.544,1.80E-15,44.0799,2.34E-07,1.62E-15,16.1553,2.34E-07,55.1354,74.1968,51.8908,74.3477,47.1977,75.2538,43.9705,76.2118,54.192,74.7776,48.1255,76.8291,42.3268,79.3907,38.9696,81.3071
9400,2.30E-15,1.83E-15,1.96E-15,1.90E-15,1.72E-15,8.80E-16,0.724143,10.3038,18.1271,34.2827,48.711,59.6902,-3.59E-06,6.75E-08,6.63E-08,1.56E-07,2.80E-07,3.19E-07,2.41E-15,1.84E-15,1.92E-15,1.76E-15,1.54E-15,7.73E-16,5.28684,11.4076,13.3435,15.4197,16.4374,16.9077,-3.61E-06,6.71E-08,6.63E-08,1.56E-07,2.80E-07,3.19E-07,337.871,346.274,356.126,383.325,428.688,519.651,337.923,346.303,356.071,383.129,428.549,519.641,1.75E-15,5.7821,6.44E-08,342.489,1.80E-15,9.53339,6.36E-08,342.543,1.80E-15,44.0799,2.34E-07,1.62E-15,16.1553,2.34E-07,55.1354,74.1968,51.8908,74.3477,47.1977,75.2538,43.9705,76.2118,54.192,74.7776,48.1255,76.8291,42.3268,79.3907,38.9696,81.3071
9500,2.30E-15,1.83E-15,1.96E-15,1.90E-15,1.72E-15,8.80E-16,0.724143,10.3038,18.1271,34.2827,48.711,59.7056,-3.59E-06,6.75E-08,6.63E-08,1.56E-07,2.80E-07,3.19E-07,2.41E-15,1.84E-15,1.92E-15,1.76E-15,1.54E-15,7.73E-16,5.28665,11.4089,13.3435,15.4197,16.4374,16.8926,-3.61E-06,6.71E-08,6.63E-08,1.56E-07,2.80E-07,3.19E-07,337.872,346.272,356.126,383.325,428.691,519.654,337.923,346.301,356.071,383.133,428.556,519.644,1.75E-15,5.78209,6.44E-08,342.488,1.80E-15,9.53285,6.37E-08,342.542,1.80E-15,44.0799,2.34E-07,1.62E-15,16.1553,2.34E-07,55.1354,74.1968,51.8908,74.3477,47.1977,75.2538,43.9705,76.2118,54.192,74.7776,48.1255,76.8291,42.3268,79.3907,38.9696,81.3071
9600,2.30E-15,1.83E-15,1.96E-15,1.90E-15,1.72E-15,8.80E-16,0.724143,10.3038,18.1271,34.2827,48.711,59.72,-3.59E-06,6.75E-08,6.63E-08,1.56E-07,2.80E-07,3.19E-07,2.41E-15,1.85E-15,1.92E-15,1.76E-15,1.54E-15,7.72E-16,5.28646,11.4102,13.3435,15.4197,16.4374,16.8782,-3.61E-06,6.71E-08,6.63E-08,1.56E-07,2.80E-07,3.19E-07,337.872,346.271,356.125,383.325,428.694,519.657,337.923,346.299,356.072,383.137,428.564,519.648,1.75E-15,5.78208,6.44E-08,342.488,1.80E-15,9.53233,6.37E-08,342.541,1.80E-15,44.0799,2.34E-07,1.62E-15,16.1553,2.34E-07,55.1354,74.1968,51.8908,74.3477,47.1977,75.2538,43.9705,76.2118,54.192,74.7776,48.1255,76.8291,42.3268,79.3907,38.9696,81.3071
9700,2.30E-15,1.83E-15,1.96E-15,1.90E-15,1.72E-15,8.80E-16,0.724143,10.3039,18.1271,34.2827,48.711,59.7335,-3.59E-06,6.76E-08,6.63E-08,1.56E-07,2.80E-07,3.19E-07,2.41E-15,1.85E-15,1.92E-15,1.76E-15,1.54E-15,7.72E-16,5.28628,11.4114,13.3435,15.4197,16.4374,16.8642,-3.61E-06,6.72E-08,6.63E-08,1.56E-07,2.80E-07,3.19E-07,337.873,346.269,356.125,383.326,428.697,519.66,337.923,346.297,356.072,383.141,428.571,519.652,1.75E-15,5.78207,6.44E-08,342.488,1.80E-15,9.53183,6.37E-08,342.54,1.80E-15,44.0799,2.34E-07,1.62E-15,16.1553,2.34E-07,55.1354,74.1968,51.8908,74.3477,47.1977,75.2538,43.9705,76.2118,54.1921,74.7776,48.1255,76.8291,42.3268,79.3907,38.9696,81.3071
9800,2.30E-15,1.83E-15,1.96E-15,1.90E-15,1.72E-15,8.80E-16,0.724142,10.3039,18.1271,34.2827,48.711,59.7461,-3.59E-06,6.76E-08,6.63E-08,1.56E-07,2.80E-07,3.19E-07,2.41E-15,1.85E-15,1.92E-15,1.76E-15,1.54E-15,7.72E-16,5.2861,11.4126,13.3435,15.4197,16.4374,16.8508,-3.61E-06,6.72E-08,6.63E-08,1.56E-07,2.80E-07,3.19E-07,337.873,346.267,356.124,383.326,428.7,519.663,337.922,346.295,356.072,383.145,428.577,519.655,1.75E-15,5.78206,6.44E-08,342.487,1.80E-15,9.53136,6.37E-08,342.539,1.80E-15,44.0799,2.34E-07,1.62E-15,16.1553,2.34E-07,55.1354,74.1968,51.8908,74.3477,47.1977,75.2538,43.9705,76.2118,54.1921,74.7776,48.1255,76.8291,42.3268,79.3907,38.9696,81.3071
9900,2.30E-15,1.83E-15,1.96E-15,1.90E-15,1.72E-15,8.79E-16,0.724142,10.3039,18.1271,34.2827,48.711,59.7579,-3.59E-06,6.76E-08,6.63E-08,1.56E-07,2.80E-07,3.19E-07,2.41E-15,1.85E-15,1.92E-15,1.76E-15,1.54E-15,7.72E-16,5.28593,11.4137,13.3435,15.4197,16.4374,16.8379,-3.61E-06,6.72E-08,6.63E-08,1.56E-07,2.80E-07,3.19E-07,337.874,346.265,356.124,383.327,428.702,519.665,337.922,346.293,356.072,383.148,428.584,519.658,1.75E-15,5.78205,6.44E-08,342.487,1.80E-15,9.5309,6.37E-08,342.538,1.80E-15,44.0799,2.34E-07,1.62E-15,16.1553,2.34E-07,55.1354,74.1968,51.8908,74.3477,47.1977,75.2538,43.9705,76.2118,54.1921,74.7776,48.1255,76.8291,42.3268,79.3907,38.9696,81.3071
10000,2.30E-15,1.83E-15,1.96E-15,1.90E-15,1.72E-15,8.79E-16,0.724142,10.3039,18.1271,34.2827,48.711,59.7689,-3.59E-06,6.76E-08,6.63E-08,1.56E-07,2.80E-07,3.19E-07,2.41E-15,1.85E-15,1.92E-15,1.76E-15,1.54E-15,7.72E-16,5.28576,11.4148,13.3435,15.4197,16.4374,16.8255,-3.61E-06,6.72E-08,6.63E-08,1.56E-07,2.80E-07,3.19E-07,337.874,346.264,356.124,383.327,428.705,519.668,337.922,346.291,356.073,383.152,428.591,519.662,1.75E-15,5.78204,6.45E-08,342.487,1.80E-15,9.53046,6.37E-08,342.538,1.80E-15,44.0799,2.34E-07,1.62E-15,16.1553,2.34E-07,55.1354,74.1968,51.8908,74.3477,47.1977,75.2538,43.9705,76.2118,54.1921,74.7776,48.1255,76.8291,42.3268,79.3907,38.9696,81.3071
